<TICKER>,<PER>,<DATE>,<TIME>,<OPEN>,<HIGH>,<LOW>,<CLOSE>,<VOL>
DJ.W1FIN,D,20160101,000000,109.2421490,109.2526753,109.2368858,109.2474121,102
DJ.W1FIN,D,20160103,000000,109.2474121,109.2474121,109.2421490,109.2474121,9
DJ.W1FIN,D,20160104,000000,109.1474121,109.1895174,105.9526740,106.6789900,6037
DJ.W1FIN,D,20160105,000000,106.5632005,106.8737270,106.1947793,106.6947795,5383
DJ.W1FIN,D,20160106,000000,106.6895164,106.7210953,105.0421473,105.2158316,5695
DJ.W1FIN,D,20160107,000000,105.1842526,105.2263579,102.7421464,102.8210938,6272
DJ.W1FIN,D,20160108,000000,102.7000411,103.0842518,101.5158301,101.5631985,6127
DJ.W1FIN,D,20160110,000000,101.5526722,101.5526722,101.5474090,101.5474090,4
DJ.W1FIN,D,20160111,000000,101.4684616,101.6684617,100.7105666,101.1158299,5473
DJ.W1FIN,D,20160112,000000,101.1158299,101.7105670,100.6526718,101.2053036,5734
DJ.W1FIN,D,20160113,000000,101.2789879,102.2263567,100.2684612,100.4210928,5745
DJ.W1FIN,D,20160114,000000,100.2895138,100.3579349,99.0579344,100.0631979,6249
DJ.W1FIN,D,20160115,000000,100.2053032,100.2421454,97.2789863,97.7895128,6404
DJ.W1FIN,D,20160117,000000,97.7526707,97.7579338,97.7474075,97.7526707,11
DJ.W1FIN,D,20160118,000000,97.6421443,97.6421443,97.0000388,97.0000388,4896
DJ.W1FIN,D,20160119,000000,96.9631967,98.2842498,96.8316177,97.5053022,6127
DJ.W1FIN,D,20160120,000000,97.4789864,97.4842495,93.8842481,94.8842485,6884
DJ.W1FIN,D,20160121,000000,94.9368801,95.5316172,94.2158272,94.8263537,6911
DJ.W1FIN,D,20160122,000000,94.8579327,97.2263547,94.8579327,96.9947756,5681
DJ.W1FIN,D,20160124,000000,97.0263546,97.0316178,97.0263546,97.0263546,3
DJ.W1FIN,D,20160125,000000,97.1684599,97.5105653,95.8947752,95.9105647,5224
DJ.W1FIN,D,20160126,000000,95.8368804,96.7842492,95.0105643,96.6737229,5493
DJ.W1FIN,D,20160127,000000,96.6842492,97.5842496,96.5053018,96.7526703,5745
DJ.W1FIN,D,20160128,000000,96.6737229,97.3684600,96.4158280,96.7474071,6043
DJ.W1FIN,D,20160129,000000,96.8158282,99.0053028,96.6210913,99.0053028,6120
DJ.W1FIN,D,20160317,000000,104.5053050,104.5789892,104.5053050,104.5421471,190
DJ.W1FIN,D,20160318,000000,104.5053050,105.2684632,104.2737259,104.8947788,5371
DJ.W1FIN,D,20160320,000000,104.8789893,104.8789893,104.8316209,104.8474104,132
DJ.W1FIN,D,20160321,000000,104.8421472,105.1053052,104.4789892,104.5842524,4978
DJ.W1FIN,D,20160322,000000,104.6368840,104.7947788,103.9263574,104.3737260,5424
DJ.W1FIN,D,20160323,000000,104.3895154,104.4368839,103.2526729,103.2631992,5064
DJ.W1FIN,D,20160324,000000,103.2210939,103.2263571,101.6421459,102.0631987,5074
DJ.W1FIN,D,20160325,000000,102.0421461,102.1737251,102.0000408,102.1000408,4463
DJ.W1FIN,D,20160327,000000,102.1053040,102.1053040,102.0474092,102.0474092,107
DJ.W1FIN,D,20160328,000000,102.0947777,102.6053042,101.9947776,102.4105673,3795
DJ.W1FIN,D,20160329,000000,102.3421462,103.0368833,101.8000407,103.0053044,5402
DJ.W1FIN,D,20160330,000000,102.9842517,104.3053049,102.8789885,103.9105679,5415
DJ.W1FIN,D,20160331,000000,103.9368837,104.1789890,103.5421467,103.6474099,5593
DJ.W1FIN,D,20160401,000000,103.6263572,103.6263572,102.1684619,103.3000413,5722
DJ.W1FIN,D,20160403,000000,103.2895150,103.2895150,103.2474097,103.2631992,92
DJ.W1FIN,D,20160404,000000,103.2263571,103.4579361,102.8368832,102.9053043,4803
DJ.W1FIN,D,20160405,000000,102.8421464,102.8579359,101.0158299,101.1526720,5550
DJ.W1FIN,D,20160406,000000,101.1263562,101.6000406,100.7579350,101.5737248,5570
DJ.W1FIN,D,20160407,000000,101.5631985,101.7684618,99.9842505,100.2000401,5505
DJ.W1FIN,D,20160408,000000,100.0947769,101.6737249,99.9263558,101.2526721,5375
DJ.W1FIN,D,20160410,000000,101.2737247,101.2789879,101.2579352,101.2684616,88
DJ.W1FIN,D,20160411,000000,101.2210931,102.4053041,101.0105667,101.7368828,5024
DJ.W1FIN,D,20160412,000000,101.7316196,103.0526728,101.7263565,102.9526728,5599
DJ.W1FIN,D,20160413,000000,103.0263570,105.2263579,103.0263570,105.1789894,5604
DJ.W1FIN,D,20160414,000000,105.2263579,106.0053056,105.2263579,105.7737265,5771
DJ.W1FIN,D,20160415,000000,105.6789896,105.8158318,105.5053054,105.6632002,5192
DJ.W1FIN,D,20160417,000000,105.6579370,105.6632002,105.5368843,105.5632001,178
DJ.W1FIN,D,20160418,000000,105.5421475,105.7474107,104.6842524,105.7368844,5266
DJ.W1FIN,D,20160419,000000,105.7632002,107.2368850,105.7632002,107.0895165,5284
DJ.W1FIN,D,20160420,000000,107.1474113,107.7105694,106.8579375,107.5895167,5239
DJ.W1FIN,D,20160421,000000,107.6421483,108.2421486,107.2842534,107.4000430,5768
DJ.W1FIN,D,20160422,000000,107.3105692,107.9210958,107.2632008,107.6474115,5262
DJ.W1FIN,D,20160424,000000,107.6368852,107.6737273,107.6316220,107.6737273,73
DJ.W1FIN,D,20160425,000000,107.7316220,107.7737273,106.9474112,107.3158324,5042
DJ.W1FIN,D,20160426,000000,107.2684640,108.0947801,106.9947796,108.0421485,5274
DJ.W1FIN,D,20160427,000000,108.0053064,108.0737274,107.4158324,107.8579379,5456
DJ.W1FIN,D,20160428,000000,107.9263590,108.1526748,107.0000428,107.2895166,5827
DJ.W1FIN,D,20160429,000000,107.2842534,107.3895166,106.1789898,106.5947795,5594
DJ.W1FIN,D,20160501,000000,106.6053058,106.6158321,106.5632005,106.6053058,122
DJ.W1FIN,D,20160502,000000,106.5947795,106.8579375,106.1210951,106.8316217,4545
DJ.W1FIN,D,20160503,000000,106.8263585,107.0579376,104.7684630,105.0842526,5532
DJ.W1FIN,D,20160504,000000,105.0737262,105.0895157,103.9842521,104.2474101,5614
DJ.W1FIN,D,20160505,000000,104.2526733,104.3789891,103.7263573,103.8947784,4998
DJ.W1FIN,D,20160506,000000,103.9105679,103.9368837,103.0895149,103.6947783,5265
DJ.W1FIN,D,20160508,000000,103.7053046,103.7105678,103.6526730,103.6631994,113
DJ.W1FIN,D,20160509,000000,103.6895152,104.1053048,103.2684624,103.5737256,4984
DJ.W1FIN,D,20160510,000000,103.6053046,104.8000419,103.5263572,104.7947788,5016
DJ.W1FIN,D,20160511,000000,104.8368840,104.9789894,104.1158311,104.1210943,5271
DJ.W1FIN,D,20160512,000000,104.0526732,104.4053049,103.4263572,103.7737257,5477
DJ.W1FIN,D,20160513,000000,103.7947784,103.8368836,102.6631990,102.7579358,5348
DJ.W1FIN,D,20160515,000000,102.7631990,102.7684622,102.7316200,102.7421464,101
DJ.W1FIN,D,20160516,000000,102.7210937,103.3368834,102.6210937,103.1263570,4608
DJ.W1FIN,D,20160517,000000,103.1842518,103.8000415,102.8263569,102.9737254,5413
DJ.W1FIN,D,20160518,000000,102.9684622,103.9210942,102.5474094,103.5579362,5759
DJ.W1FIN,D,20160519,000000,103.6000414,103.7474099,102.3895146,102.8000411,5646
DJ.W1FIN,D,20160520,000000,102.7737253,103.7474099,102.7474095,103.5421467,4743
DJ.W1FIN,D,20160522,000000,103.5105677,103.5421467,103.5053046,103.5263572,93
DJ.W1FIN,D,20160523,000000,103.5000414,103.6895152,103.1579360,103.3684624,4625
DJ.W1FIN,D,20160524,000000,103.3316203,104.6684629,102.9947780,104.5789892,4650
DJ.W1FIN,D,20160525,000000,104.6526734,106.2789899,104.6526734,106.0053056,4838
DJ.W1FIN,D,20160526,000000,106.0632003,106.2474109,105.8368844,105.9579371,4695
DJ.W1FIN,D,20160527,000000,105.9684634,106.3789899,105.9526740,106.2895162,4616
DJ.W1FIN,D,20160530,000000,106.2421478,106.4105689,106.0842530,106.4053057,4154
DJ.W1FIN,D,20160531,000000,106.3895162,106.6947795,105.8316213,106.0263582,4993
DJ.W1FIN,D,20160601,000000,105.9842529,106.0579372,105.0421473,105.9316213,5239
DJ.W1FIN,D,20160602,000000,105.8737266,105.9579371,105.2737263,105.7895160,5191
DJ.W1FIN,D,20160603,000000,105.7789897,106.4474110,105.1263578,105.9000424,5111
DJ.W1FIN,D,20160605,000000,105.9210950,105.9316213,105.7684634,105.7947792,189
DJ.W1FIN,D,20160606,000000,105.7421476,106.4316215,105.5737264,106.2263583,5066
DJ.W1FIN,D,20160607,000000,106.2368846,107.0053060,106.2316214,106.7632006,4825
DJ.W1FIN,D,20160608,000000,106.7842532,107.0737270,106.6421479,107.0474112,4902
DJ.W1FIN,D,20160609,000000,106.9947796,107.0105691,105.7632002,105.9421476,4793
DJ.W1FIN,D,20160610,000000,105.9053055,105.9105687,103.9158310,104.0579364,5024
DJ.W1FIN,D,20160612,000000,104.0316206,104.0368837,103.9947784,104.0105679,108
DJ.W1FIN,D,20160613,000000,103.9579363,103.9579363,102.5895147,102.5947779,5116
DJ.W1FIN,D,20160614,000000,102.5421463,102.5421463,100.8000403,101.0421457,5462
DJ.W1FIN,D,20160615,000000,100.9947772,101.9947776,100.8789877,101.4316195,5192
DJ.W1FIN,D,20160616,000000,101.4053037,101.4789880,99.6421451,101.0474088,6002
DJ.W1FIN,D,20160617,000000,101.1210931,102.1053040,101.1158299,101.8579355,5247
DJ.W1FIN,D,20160619,000000,101.8684618,102.0947777,101.8684618,102.0684619,157
DJ.W1FIN,D,20160620,000000,102.1579356,104.5000418,102.1579356,103.8263573,5183
DJ.W1FIN,D,20160621,000000,103.7684626,104.4474102,103.7368836,104.2947786,5051
DJ.W1FIN,D,20160622,000000,104.2684628,105.1000420,104.1737259,104.6158313,5187
DJ.W1FIN,D,20160623,000000,104.6105682,106.4579373,104.5947787,106.1947793,6344
DJ.W1FIN,D,20160624,000000,106.2526741,106.3105688,99.3737240,99.3947766,9233
DJ.W1FIN,D,20160626,000000,99.4263556,99.4263556,99.1053028,99.1631976,237
DJ.W1FIN,D,20160627,000000,99.1789870,99.1947765,95.8526699,96.2789859,7006
DJ.W1FIN,D,20160628,000000,96.2053016,98.2158288,95.9684594,98.2053024,6554
DJ.W1FIN,D,20160629,000000,98.2579340,100.3158296,98.2263551,100.3105664,5951
DJ.W1FIN,D,20160630,000000,100.3737244,101.2895142,100.1737243,101.2579352,6261
DJ.W1FIN,D,20160701,000000,101.3105668,101.7105670,101.2474089,101.4105669,5330
DJ.W1FIN,D,20160703,000000,101.4210932,101.4316195,101.3789879,101.3895142,81
DJ.W1FIN,D,20160704,000000,101.3526721,101.6053038,101.2526721,101.2737247,4520
DJ.W1FIN,D,20160705,000000,101.2368826,101.2474089,99.4105661,99.5895135,5257
DJ.W1FIN,D,20160706,000000,99.5316188,99.5316188,98.0526708,98.9368817,6029
DJ.W1FIN,D,20160707,000000,98.9210922,99.7895136,98.9053027,99.2000397,5596
DJ.W1FIN,D,20160708,000000,99.2053028,100.6579350,98.8842501,100.5789876,4949
DJ.W1FIN,D,20160710,000000,100.5789876,100.5895139,100.5474086,100.5474086,107
DJ.W1FIN,D,20160711,000000,100.6000402,101.8895144,100.6000402,101.7526723,5106
DJ.W1FIN,D,20160712,000000,101.8053039,103.5421467,101.7947776,103.3895150,5217
DJ.W1FIN,D,20160713,000000,103.4210940,103.8368836,103.3737256,103.6210941,5517
DJ.W1FIN,D,20160714,000000,103.6263572,104.8684630,103.5579362,104.6579366,5386
DJ.W1FIN,D,20160715,000000,104.7000419,105.1316210,104.3579365,104.5684629,5386
DJ.W1FIN,D,20160717,000000,104.5789892,104.6316208,104.5789892,104.6105682,212
DJ.W1FIN,D,20160718,000000,104.6158313,105.0526736,104.5737260,104.9316209,4682
DJ.W1FIN,D,20160719,000000,104.9737262,105.0105683,104.3316207,104.7000419,5150
DJ.W1FIN,D,20160720,000000,104.6684629,105.2000421,104.5684629,105.1210947,4973
DJ.W1FIN,D,20160721,000000,105.1842526,105.4368843,105.0210946,105.1579368,5188
DJ.W1FIN,D,20160722,000000,105.1210947,105.1895158,104.8210946,105.1737263,4693
DJ.W1FIN,D,20160724,000000,105.1895158,105.1895158,105.1526736,105.1632000,108
DJ.W1FIN,D,20160725,000000,105.1895158,105.4158316,104.8842525,105.0789894,4583
DJ.W1FIN,D,20160726,000000,105.0158315,105.3895158,104.9158314,105.1789894,4987
DJ.W1FIN,D,20160727,000000,105.2158316,105.6263580,105.0210946,105.5947791,5385
DJ.W1FIN,D,20160728,000000,105.5526738,105.6421475,104.8684630,105.2947790,4873
DJ.W1FIN,D,20160729,000000,105.3000421,106.4105689,105.2368842,106.2368846,5299
DJ.W1FIN,D,20160808,000000,107.0474112,107.5895167,107.0316218,107.4842535,3897
DJ.W1FIN,D,20160809,000000,107.4895167,108.1421485,107.4053061,108.0421485,4669
DJ.W1FIN,D,20160810,000000,107.9842537,108.2684644,107.9789906,108.1368854,1351
DJ.W1FIN,D,20161128,000000,113.0263610,113.0263610,111.9842553,112.0737290,4868
DJ.W1FIN,D,20161129,000000,112.0684659,112.5579398,111.8526763,112.4000450,5660
DJ.W1FIN,D,20161130,000000,112.4000450,112.8895188,112.3053081,112.5789924,5863
DJ.W1FIN,D,20161201,000000,112.6000450,113.4474138,112.5947819,113.2842558,6037
DJ.W1FIN,D,20161202,000000,113.2474137,113.4474138,112.8842557,113.1210979,5717
DJ.W1FIN,D,20161204,000000,113.1158347,113.1210979,113.1158347,113.1210979,18
DJ.W1FIN,D,20161205,000000,112.8105714,113.9053087,112.4737292,113.8579403,6065
DJ.W1FIN,D,20161206,000000,113.9579403,115.0895197,113.9579403,115.0842566,5537
DJ.W1FIN,D,20161207,000000,115.2000461,117.0158363,115.1474145,116.9842573,5953
DJ.W1FIN,D,20161208,000000,117.1526784,118.1210999,117.1474153,117.9368893,6582
DJ.W1FIN,D,20161209,000000,117.9684682,118.0263630,117.4474154,117.8000471,6010
DJ.W1FIN,D,20161211,000000,117.8000471,117.8000471,117.8000471,117.8000471,1
DJ.W1FIN,D,20161212,000000,117.8947840,117.9526788,117.0474152,117.2947838,5963
DJ.W1FIN,D,20161213,000000,117.2526785,117.9947840,117.1210995,117.6895208,5534
DJ.W1FIN,D,20161214,000000,117.7316260,117.7526787,116.2316254,116.3421518,6304
DJ.W1FIN,D,20161215,000000,116.2947834,116.7158362,115.8053095,116.4105729,6755
DJ.W1FIN,D,20161216,000000,116.5000466,116.6526782,116.1684675,116.2684676,5891
DJ.W1FIN,D,20161218,000000,116.2842570,116.2842570,116.2842570,116.2842570,1
DJ.W1FIN,D,20161219,000000,116.2421518,116.3421518,115.7263621,115.9421516,5486
DJ.W1FIN,D,20161220,000000,115.9684674,116.5632045,115.7158358,116.5474150,5474
DJ.W1FIN,D,20161221,000000,116.6210993,116.7158362,116.3053097,116.3105728,5383
DJ.W1FIN,D,20161222,000000,116.2842570,116.3000465,115.7158358,115.9526780,5405
DJ.W1FIN,D,20161223,000000,115.9632043,116.0368885,115.7684674,116.0105727,4988
DJ.W1FIN,D,20161225,000000,116.0263622,116.0263622,116.0210990,116.0210990,4
DJ.W1FIN,D,20161226,000000,115.9737306,116.0474148,115.9316253,116.0105727,5370
DJ.W1FIN,D,20161227,000000,115.9474148,116.1210991,115.9105727,116.0421517,4689
DJ.W1FIN,D,20161228,000000,116.0842570,116.2316254,115.4842567,115.5526778,4912
DJ.W1FIN,D,20161229,000000,115.4947830,115.7316252,115.3263619,115.5632041,5410
DJ.W1FIN,D,20161230,000000,115.6000462,116.1842570,115.6000462,115.9421516,5565
DJ.W1FIN,D,20170101,000000,115.9526780,115.9526780,115.9526780,115.9526780,1
DJ.W1FIN,D,20170102,000000,115.9632043,115.9737306,115.7895200,115.7895200,4007
DJ.W1FIN,D,20170103,000000,115.8789937,118.4474158,115.8737306,116.8474152,5598
DJ.W1FIN,D,20170104,000000,116.9526784,118.2842578,116.9368889,118.2737315,5684
DJ.W1FIN,D,20170105,000000,118.3632052,118.8211002,118.0842578,118.5263632,6252
DJ.W1FIN,D,20170106,000000,118.4211000,118.5632053,118.2210999,118.3368894,5814
DJ.W1FIN,D,20170108,000000,118.3474158,118.3526789,118.3474158,118.3526789,4
DJ.W1FIN,D,20170109,000000,118.3632052,118.4842579,117.6263628,117.8474156,5051
DJ.W1FIN,D,20170110,000000,117.7895208,118.1895210,117.6263628,117.8158366,5535
DJ.W1FIN,D,20170111,000000,117.7789945,118.3263631,117.4210996,118.3105736,6169
DJ.W1FIN,D,20170112,000000,118.3316263,118.7895212,117.7053102,118.0263630,6247
DJ.W1FIN,D,20170113,000000,117.9210998,118.9632055,117.8316261,118.6263632,5713
DJ.W1FIN,D,20170115,000000,118.6263632,118.6263632,118.6263632,118.6263632,1
DJ.W1FIN,D,20170116,000000,118.5474158,118.5684685,117.9632051,117.9842577,4709
DJ.W1FIN,D,20170117,000000,117.8632050,118.5684685,117.5421523,117.6684681,5814
DJ.W1FIN,D,20170118,000000,117.4895207,117.7895208,117.1789942,117.4526786,5532
DJ.W1FIN,D,20170119,000000,117.5105733,117.7316260,117.0474152,117.3000469,5490
DJ.W1FIN,D,20170120,000000,117.2158364,117.7000471,117.0526784,117.6947839,5533
DJ.W1FIN,D,20170122,000000,117.7000471,117.7053102,117.7000471,117.7053102,24
DJ.W1FIN,D,20170123,000000,117.7579418,117.9158366,117.3579417,117.7737313,5382
DJ.W1FIN,D,20170124,000000,117.7000471,118.4684684,117.5105733,118.2947842,5457
DJ.W1FIN,D,20170125,000000,118.4316263,119.7947848,118.3211000,119.7579426,5530
DJ.W1FIN,D,20170126,000000,119.8421532,120.3053113,119.7947848,119.9421532,5787
DJ.W1FIN,D,20170127,000000,120.1421533,120.1789954,119.5737320,119.6737321,5042
DJ.W1FIN,D,20170130,000000,119.6684689,119.7263637,118.4421526,118.9000476,4858
DJ.W1FIN,D,20170131,000000,118.8526791,119.2579424,118.5263632,118.7316264,5498
DJ.W1FIN,D,20170201,000000,118.6158369,119.5105741,118.4632053,118.8842581,5673
DJ.W1FIN,D,20170202,000000,118.9000476,119.0053108,118.4632053,118.6368896,5469
DJ.W1FIN,D,20170203,000000,118.6684685,120.2368902,118.6000474,120.0842586,5487
DJ.W1FIN,D,20170205,000000,120.1000480,120.1053112,120.1000480,120.1053112,14
DJ.W1FIN,D,20170206,000000,120.2158376,120.4211008,119.7053110,119.8474164,4981
DJ.W1FIN,D,20170207,000000,119.6789952,119.8000479,119.3263635,119.4474162,4909
DJ.W1FIN,D,20170208,000000,119.4632057,119.6579426,118.9842581,119.4737320,4996
DJ.W1FIN,D,20170209,000000,119.3947846,120.2421534,119.3158372,120.1632060,4875
DJ.W1FIN,D,20170210,000000,120.2368902,120.7684694,120.2368902,120.6474167,5004
DJ.W1FIN,D,20170213,000000,120.6316272,121.5263644,120.5421535,121.3263643,4649
DJ.W1FIN,D,20170214,000000,121.3947854,121.8316277,121.1947853,121.7895224,5100
DJ.W1FIN,D,20170215,000000,121.9684698,122.8842597,121.9579435,122.8474176,5075
DJ.W1FIN,D,20170216,000000,122.8895228,123.1105756,122.6421543,122.9789966,5145
DJ.W1FIN,D,20170217,000000,122.9316281,122.9632071,122.1789962,122.6105754,4792
DJ.W1FIN,D,20170220,000000,122.5842596,122.9105755,122.5316280,122.7895228,3973
DJ.W1FIN,D,20170221,000000,122.7579438,122.9842597,122.3684700,122.9526808,4078
DJ.W1FIN,D,20170222,000000,122.9368913,123.1789966,122.6895228,123.1105756,5189
DJ.W1FIN,D,20170223,000000,123.0474176,123.4632073,122.8842597,123.2368914,5380
DJ.W1FIN,D,20170224,000000,123.1316282,123.1895230,122.0684699,122.3526805,5119
DJ.W1FIN,D,20170227,000000,122.2000489,122.3263647,122.0263646,122.1737331,4845
DJ.W1FIN,D,20170228,000000,122.2105752,122.3421542,121.8000487,121.8316277,4813
DJ.W1FIN,D,20170301,000000,121.7895224,123.7789969,121.7526803,123.5842600,5490
DJ.W1FIN,D,20170302,000000,123.6053126,123.8842601,122.6105754,122.6421543,4980
DJ.W1FIN,D,20170303,000000,122.5684701,123.2053124,122.2789963,123.1316282,5120
DJ.W1FIN,D,20170305,000000,123.1526808,123.1526808,123.1474177,123.1474177,20
DJ.W1FIN,D,20170306,000000,123.1158387,123.1632072,122.3789963,122.6105754,4672
DJ.W1FIN,D,20170307,000000,122.5579438,122.7316280,122.1632068,122.3474174,4636
DJ.W1FIN,D,20170308,000000,122.3579437,122.8579439,121.9421540,121.9632067,5007
DJ.W1FIN,D,20170309,000000,122.0368909,122.5000490,121.7632066,121.9579435,5209
DJ.W1FIN,D,20170310,000000,122.0368909,122.8105754,122.0211014,122.5000490,5195
DJ.W1FIN,D,20170312,000000,122.4789964,122.4895227,122.4474174,122.4842595,141
DJ.W1FIN,D,20170313,000000,122.4579437,122.9789966,122.4368911,122.7579438,4954
DJ.W1FIN,D,20170314,000000,122.7632070,122.8474176,122.0579436,122.3684700,5189
DJ.W1FIN,D,20170315,000000,122.3211016,123.4947862,122.2421542,123.4579441,5245
DJ.W1FIN,D,20170316,000000,123.3947862,124.3421550,123.3526809,124.0895233,5342
DJ.W1FIN,D,20170317,000000,124.0526812,124.2789971,123.5421547,123.6789968,4992
DJ.W1FIN,D,20170319,000000,123.6789968,123.6789968,123.6579442,123.6579442,134
DJ.W1FIN,D,20170320,000000,123.6632074,123.8158390,123.1789966,123.2263651,4762
DJ.W1FIN,D,20170321,000000,123.1684703,123.9421548,121.8632066,121.8737330,5923
DJ.W1FIN,D,20170322,000000,121.8263645,121.8263645,120.4684692,121.1263642,5707
DJ.W1FIN,D,20170323,000000,121.1158379,122.1316278,121.0737326,121.6579434,5397
DJ.W1FIN,D,20170324,000000,121.6632066,122.0526804,121.4632065,121.7000487,5158
DJ.W1FIN,D,20170326,000000,121.6737329,121.8526803,121.6684697,121.8474172,163
DJ.W1FIN,D,20170327,000000,121.7684698,121.7737329,120.3211008,121.2526801,5411
DJ.W1FIN,D,20170328,000000,121.3211012,122.3158384,121.3211012,122.1789962,5127
DJ.W1FIN,D,20170329,000000,122.1579436,122.2263647,121.7053118,122.0316278,4914
DJ.W1FIN,D,20170330,000000,121.9842593,122.4421542,121.7789961,122.2368910,4915
DJ.W1FIN,D,20170331,000000,122.2895226,122.3105752,121.7053118,121.7579434,4853
DJ.W1FIN,D,20170402,000000,121.7526803,121.8053119,121.7526803,121.7842592,121
DJ.W1FIN,D,20170403,000000,121.7947856,121.8474172,120.8105746,121.4421538,5070
DJ.W1FIN,D,20170404,000000,121.4105749,121.4158380,120.8737326,121.2316274,4697
DJ.W1FIN,D,20170405,000000,121.2526801,121.9842593,120.9158378,120.9368905,5122
DJ.W1FIN,D,20170406,000000,120.8947852,121.1474169,120.3000481,120.9579431,4557
DJ.W1FIN,D,20170407,000000,121.0211010,121.1105748,120.4368903,120.6684693,5392
DJ.W1FIN,D,20170409,000000,120.6737325,120.6737325,120.6105746,120.6368904,100
DJ.W1FIN,D,20170410,000000,120.6947851,121.0368905,120.5211008,120.8000483,4779
DJ.W1FIN,D,20170411,000000,120.7474167,120.9211010,120.0895217,120.8316273,5021
DJ.W1FIN,D,20170412,000000,120.7684694,121.0632063,120.2789955,120.6632062,5089
DJ.W1FIN,D,20170413,000000,120.6158377,120.7526799,119.6632058,119.6684689,5336
DJ.W1FIN,D,20170414,000000,119.6158373,119.7421532,119.5842584,119.7000479,2728
DJ.W1FIN,D,20170416,000000,119.6895216,119.7421532,119.6842584,119.7368900,119
DJ.W1FIN,D,20170417,000000,119.6895216,120.8053115,119.6895216,120.7632062,3611
DJ.W1FIN,D,20170418,000000,120.8316273,120.8737326,119.9368901,120.3158376,5300
DJ.W1FIN,D,20170419,000000,120.2526797,120.6474167,119.9368901,120.0579428,4958
DJ.W1FIN,D,20170420,000000,120.0737322,121.1526800,120.0579428,121.0579432,5202
DJ.W1FIN,D,20170421,000000,121.1105748,121.3789959,120.8263641,120.9105747,4708
DJ.W1FIN,D,20170423,000000,120.9263642,121.1526800,120.9211010,121.1211011,149
DJ.W1FIN,D,20170424,000000,121.1895222,123.3684704,121.1263642,123.1526808,5146
DJ.W1FIN,D,20170425,000000,123.1579440,124.2632076,123.1579440,124.0211022,4922
DJ.W1FIN,D,20170426,000000,124.0947865,124.4158392,123.9211022,124.0579444,5378
DJ.W1FIN,D,20170427,000000,124.0211022,124.1526812,123.2526809,123.5368915,5145
DJ.W1FIN,D,20170428,000000,123.5000494,123.5895231,122.8737334,122.9053123,4862
DJ.W1FIN,D,20170430,000000,122.8947860,122.9421544,122.8947860,122.9211018,87
DJ.W1FIN,D,20170501,000000,122.9000492,123.4368915,122.8000491,123.2368914,3375
DJ.W1FIN,D,20170502,000000,123.2316282,123.7263653,123.2263651,123.7211021,4754
DJ.W1FIN,D,20170503,000000,123.7263653,123.7263653,123.2526809,123.4368915,4400
DJ.W1FIN,D,20170504,000000,123.4421546,123.9211022,123.2789967,123.7632074,4893
DJ.W1FIN,D,20170505,000000,123.7684706,124.0368917,123.4421546,124.0158391,4647
DJ.W1FIN,D,20170507,000000,124.0158391,124.0158391,123.9263654,123.9368917,166
DJ.W1FIN,D,20170508,000000,124.0105759,124.3947866,123.6895232,123.8579443,4866
DJ.W1FIN,D,20170509,000000,123.8526811,123.8737338,123.1105756,123.3211020,4748
DJ.W1FIN,D,20170510,000000,123.3105756,123.7158390,123.2421546,123.6474179,4810
DJ.W1FIN,D,20170511,000000,123.6684705,123.9053127,122.9211018,123.4053125,4918
DJ.W1FIN,D,20170512,000000,123.3684704,123.4947862,122.9263650,123.2368914,4501
DJ.W1FIN,D,20170514,000000,123.2316282,123.2316282,123.2105756,123.2316282,122
DJ.W1FIN,D,20170515,000000,123.1842598,124.2316286,123.1474177,124.1579444,4510
DJ.W1FIN,D,20170516,000000,124.2053128,124.4263656,124.0158391,124.2895234,4709
DJ.W1FIN,D,20170517,000000,124.2211023,124.2211023,122.2947858,122.4211016,5454
DJ.W1FIN,D,20170518,000000,122.3579437,122.3579437,121.0368905,121.5211012,6097
DJ.W1FIN,D,20170519,000000,121.5368907,123.0105755,121.4737328,122.7632070,5012
DJ.W1FIN,D,20170521,000000,122.7632070,122.7684702,122.7263649,122.7316280,149
DJ.W1FIN,D,20170522,000000,122.7684702,123.2316282,122.6895228,123.0579440,4694
DJ.W1FIN,D,20170523,000000,123.0316282,123.4895231,122.8579439,123.3053125,4981
DJ.W1FIN,D,20170524,000000,123.3632072,123.7737337,123.3158388,123.7684706,4755
DJ.W1FIN,D,20170525,000000,123.7579442,124.2684708,123.6579442,123.9421548,4702
DJ.W1FIN,D,20170526,000000,123.9158390,123.9632075,123.5684705,123.6895232,4579
DJ.W1FIN,D,20170528,000000,123.7053126,123.7316284,123.7000495,123.7053126,110
DJ.W1FIN,D,20170529,000000,123.7000495,123.7158390,123.5053126,123.5158389,3588
DJ.W1FIN,D,20170530,000000,123.5000494,123.5474178,123.0421545,123.0947861,4401
DJ.W1FIN,D,20170531,000000,123.0526808,123.3632072,122.4368911,122.8211018,4979
DJ.W1FIN,D,20170601,000000,122.8053123,123.5053126,122.7947860,123.4842599,5025
DJ.W1FIN,D,20170602,000000,123.5421547,124.3632076,123.5421547,124.2474181,4778
DJ.W1FIN,D,20170604,000000,124.2526813,124.2526813,124.2000497,124.2000497,166
DJ.W1FIN,D,20170605,000000,124.1368918,124.2263655,123.8316285,123.9684706,4169
DJ.W1FIN,D,20170606,000000,123.9421548,124.0579444,123.3105756,123.5158389,4697
DJ.W1FIN,D,20170607,000000,123.5000494,124.1474181,123.4526810,124.0000496,5074
DJ.W1FIN,D,20170608,000000,124.0421549,124.8263657,123.9684706,124.4526814,5433
DJ.W1FIN,D,20170609,000000,124.4895235,125.6000502,124.3368918,125.5526818,5803
DJ.W1FIN,D,20170611,000000,125.5368923,125.5632081,125.5263660,125.5474186,78
DJ.W1FIN,D,20170612,000000,125.5789976,125.6947871,125.0368921,125.3526817,5355
DJ.W1FIN,D,20170613,000000,125.3368922,126.1579452,125.3368922,126.0421557,4891
DJ.W1FIN,D,20170614,000000,126.0737346,126.5263664,125.7895240,126.1632084,5588
DJ.W1FIN,D,20170615,000000,126.1211031,126.1263662,124.9316289,125.2947870,5240
DJ.W1FIN,D,20170616,000000,125.3526817,125.7105766,125.3053133,125.6526818,4725
DJ.W1FIN,D,20170618,000000,125.6474187,125.6632082,125.6421555,125.6421555,116
DJ.W1FIN,D,20170619,000000,125.6316292,126.5842612,125.6053134,126.3316295,4689
DJ.W1FIN,D,20170620,000000,126.3947874,126.4789980,125.3789975,125.4316291,4819
DJ.W1FIN,D,20170621,000000,125.4105765,125.4105765,124.5053130,124.6526814,4640
DJ.W1FIN,D,20170622,000000,124.6474183,124.8895236,124.2263655,124.4368919,4648
DJ.W1FIN,D,20170623,000000,124.4421550,124.8053131,124.3368918,124.4368919,3630
DJ.W1FIN,D,20170625,000000,124.4158392,124.4632077,124.4158392,124.4632077,118
DJ.W1FIN,D,20170626,000000,124.4526814,125.4105765,124.4105761,124.9211026,4708
DJ.W1FIN,D,20170627,000000,124.9474184,125.7053134,124.8579447,125.3000501,5175
DJ.W1FIN,D,20170628,000000,125.3316291,126.5947875,125.1947869,126.5263664,5123
DJ.W1FIN,D,20170629,000000,126.5789980,127.8158406,126.5789980,127.0526824,5840
DJ.W1FIN,D,20170630,000000,127.0158403,127.1895246,126.4158400,126.5842612,5175
DJ.W1FIN,D,20170702,000000,126.5947875,126.5947875,126.5789980,126.5842612,142
DJ.W1FIN,D,20170703,000000,126.5789980,127.7632090,126.4789980,127.5263668,4545
DJ.W1FIN,D,20170704,000000,127.6053142,127.7895248,127.3947878,127.5211036,4094
DJ.W1FIN,D,20170705,000000,127.5000510,127.6316300,127.1316298,127.5421563,5230
DJ.W1FIN,D,20170706,000000,127.5368931,127.7000511,127.1211035,127.1421561,5302
DJ.W1FIN,D,20170707,000000,127.0737350,127.3053141,126.7158402,127.2158404,4930
DJ.W1FIN,D,20170709,000000,127.2316298,127.2368930,127.2053140,127.2263667,114
DJ.W1FIN,D,20170710,000000,127.2684720,127.5421563,127.2211035,127.3316299,4418
DJ.W1FIN,D,20170711,000000,127.3368930,127.6211037,126.8579455,127.3211036,4884
DJ.W1FIN,D,20170712,000000,127.2842614,128.0263670,127.2105772,127.9474196,5006
DJ.W1FIN,D,20170713,000000,127.9789986,128.7105778,127.9789986,128.6789988,4753
DJ.W1FIN,D,20170714,000000,128.7000515,129.2684728,128.3947882,129.1316306,4670
DJ.W1FIN,D,20170716,000000,129.1368938,129.1526832,129.1263674,129.1474201,94
DJ.W1FIN,D,20170717,000000,129.1421569,129.2053148,128.8684726,129.0789990,4413
DJ.W1FIN,D,20170718,000000,129.0211042,129.2474201,128.5632093,128.8789989,4991
DJ.W1FIN,D,20170719,000000,128.8421568,129.5105781,128.8368936,129.4737360,4789
DJ.W1FIN,D,20170720,000000,129.5053150,129.9158414,129.3895254,129.7158414,5299
DJ.W1FIN,D,20170721,000000,129.6789992,129.7105782,129.3000517,129.5526834,4961
DJ.W1FIN,D,20170723,000000,129.5474202,129.6053150,129.5421571,129.6053150,117
DJ.W1FIN,D,20170724,000000,129.5474202,129.8000519,129.3684728,129.6842624,4712
DJ.W1FIN,D,20170725,000000,129.6895256,130.8842629,129.6737361,130.5053154,5069
DJ.W1FIN,D,20170726,000000,130.5789996,131.1211051,130.5368943,130.9579471,5173
DJ.W1FIN,D,20170727,000000,130.9211050,131.2947894,130.4368943,130.7053154,5676
DJ.W1FIN,D,20170728,000000,130.6789996,130.6789996,130.0526836,130.4842627,5120
DJ.W1FIN,D,20170730,000000,130.4632101,130.5000522,130.4474206,130.4526838,169
DJ.W1FIN,D,20170731,000000,130.4421574,131.1632104,130.3684732,130.9684734,4817
DJ.W1FIN,D,20170801,000000,131.0000524,131.9211054,130.9895261,131.8579475,5197
DJ.W1FIN,D,20170802,000000,131.9053159,131.9474212,131.5368947,131.8316317,5240
DJ.W1FIN,D,20170803,000000,131.8368948,131.8368948,131.3789999,131.6158421,5105
DJ.W1FIN,D,20170804,000000,131.5790000,131.9474212,131.4474210,131.7421580,4969
DJ.W1FIN,D,20170806,000000,131.7316316,131.7790001,131.7316316,131.7368948,153
DJ.W1FIN,D,20170807,000000,131.7947896,131.9842633,131.6632106,131.8579475,4470
DJ.W1FIN,D,20170808,000000,131.8632106,132.1737371,131.6211053,131.7474211,4973
DJ.W1FIN,D,20170809,000000,131.7105790,131.7579474,130.5474206,131.1105788,5232
DJ.W1FIN,D,20170810,000000,131.1053156,131.1053156,129.3842623,129.4105781,5863
DJ.W1FIN,D,20170811,000000,129.3947886,129.3947886,128.4526830,128.5737356,5543
DJ.W1FIN,D,20170813,000000,128.5789988,128.5789988,128.5526830,128.5737356,152
DJ.W1FIN,D,20170814,000000,128.5211040,129.9737362,128.4632093,129.7474203,4831
DJ.W1FIN,D,20170815,000000,129.8105782,130.0684731,129.6474203,129.8000519,5007
DJ.W1FIN,D,20170816,000000,129.7947888,130.4474206,129.7105782,130.3526837,5391
DJ.W1FIN,D,20170817,000000,130.3316311,130.3947890,128.8263673,128.8474200,5868
DJ.W1FIN,D,20170818,000000,128.7632094,128.8737358,128.1842618,128.5947883,5627
DJ.W1FIN,D,20170820,000000,128.5842620,128.5842620,128.5316304,128.5474198,125
DJ.W1FIN,D,20170821,000000,128.5632093,128.6105778,128.2474197,128.5579462,4949
DJ.W1FIN,D,20170822,000000,128.5421567,129.2000517,128.5368935,129.1579464,4806
DJ.W1FIN,D,20170823,000000,129.0947885,129.3737360,128.7526831,129.2368938,4441
DJ.W1FIN,D,20170824,000000,129.2158412,129.6421571,129.1368938,129.2632096,5179
DJ.W1FIN,D,20170825,000000,129.2895254,130.2211047,129.2211043,130.0000520,4979
DJ.W1FIN,D,20170827,000000,129.9947888,130.0895257,129.9895257,130.0526836,119
DJ.W1FIN,D,20170828,000000,130.0632099,130.1526836,129.6316308,129.7368940,4670
DJ.W1FIN,D,20170829,000000,129.6526834,129.6789992,128.6421567,128.9105779,5713
DJ.W1FIN,D,20170830,000000,128.9368937,129.3158412,128.9000516,129.1579464,5170
DJ.W1FIN,D,20170831,000000,129.2105780,129.8263677,129.1158411,129.7368940,5368
DJ.W1FIN,D,20170901,000000,129.7789993,130.3737364,129.6474203,130.0211046,5111
DJ.W1FIN,D,20170903,000000,130.0211046,130.1158415,130.0158415,130.1000520,151
DJ.W1FIN,D,20170904,000000,130.0632099,130.0632099,129.5684729,129.5737360,4062
DJ.W1FIN,D,20170905,000000,129.5842624,129.7000519,128.2000513,128.4737356,5268
DJ.W1FIN,D,20170906,000000,128.4211040,128.6474199,127.9737354,128.3684724,5159
DJ.W1FIN,D,20170907,000000,128.4053145,128.8842621,127.8842617,128.1684723,5536
DJ.W1FIN,D,20170908,000000,128.1316302,128.8737358,128.0842618,128.6895252,5553
DJ.W1FIN,D,20170910,000000,128.6737357,128.6789988,128.5842620,128.6053146,127
DJ.W1FIN,D,20170911,000000,128.6737357,130.2105784,128.6737357,130.0316310,5025
DJ.W1FIN,D,20170912,000000,130.0895257,130.9737366,130.0895257,130.8842629,4901
DJ.W1FIN,D,20170913,000000,130.9421576,131.0632103,130.5053154,130.6684733,4900
DJ.W1FIN,D,20170914,000000,130.6842628,130.7789997,130.4474206,130.7737365,5153
DJ.W1FIN,D,20170915,000000,130.7368944,130.9211050,130.5684733,130.9000524,5086
DJ.W1FIN,D,20170917,000000,130.8895260,130.8895260,130.8211050,130.8316313,126
DJ.W1FIN,D,20170918,000000,130.8368944,131.5842632,130.8316313,131.4895263,4833
DJ.W1FIN,D,20170919,000000,131.5368947,132.1316318,131.5316316,131.9474212,5230
DJ.W1FIN,D,20170920,000000,131.9263686,132.2632108,131.7105790,131.8474212,5519
DJ.W1FIN,D,20170921,000000,131.9000528,132.3737372,131.7895264,132.2737371,5208
DJ.W1FIN,D,20170922,000000,132.3105792,132.4947898,132.1053160,132.2737371,4919
DJ.W1FIN,D,20170924,000000,132.3053161,132.3105792,132.2053160,132.2211055,163
DJ.W1FIN,D,20170925,000000,132.2526845,132.2947898,131.0842630,131.4158420,5047
DJ.W1FIN,D,20170926,000000,131.3895262,131.4263684,130.8421576,130.9789998,5105
DJ.W1FIN,D,20170927,000000,130.9158418,131.7895264,130.8158418,131.5684737,5309
DJ.W1FIN,D,20170928,000000,131.6368948,131.9632107,131.4263684,131.9368949,5277
DJ.W1FIN,D,20170929,000000,131.9105791,132.5368951,131.8474212,132.5053162,4842
DJ.W1FIN,D,20171001,000000,132.5105793,132.5579478,132.5000530,132.5526846,95
DJ.W1FIN,D,20171002,000000,132.5579478,132.7790005,132.2263687,132.7105794,4465
DJ.W1FIN,D,20171003,000000,132.7368952,133.3684744,132.5947899,133.3158428,4829
DJ.W1FIN,D,20171004,000000,133.3368954,133.6000534,133.0737374,133.1526848,5179
DJ.W1FIN,D,20171005,000000,133.1474217,133.7684746,133.0158427,133.6105798,4561
DJ.W1FIN,D,20171006,000000,133.6579482,133.8053167,133.4263692,133.7421588,4934
DJ.W1FIN,D,20171008,000000,133.7368956,133.8105798,133.7368956,133.8000535,135
DJ.W1FIN,D,20171009,000000,133.7947904,133.8211062,133.4316323,133.5421587,3843
DJ.W1FIN,D,20171010,000000,133.5105797,134.1947905,133.4947902,134.1684747,4730
DJ.W1FIN,D,20171011,000000,134.1737379,134.4053169,134.0526852,134.4000538,5039
DJ.W1FIN,D,20171012,000000,134.4158432,134.6158433,134.2158432,134.2737379,4991
DJ.W1FIN,D,20171013,000000,134.2526853,134.6474223,134.0947905,134.4053169,4882
DJ.W1FIN,D,20171015,000000,134.4211064,134.4263696,134.3579485,134.4158432,132
DJ.W1FIN,D,20171016,000000,134.4263696,134.7211065,134.4263696,134.6263696,4597
DJ.W1FIN,D,20171017,000000,134.6737381,134.6895276,134.1474221,134.2895274,4865
DJ.W1FIN,D,20171018,000000,134.2947906,134.7368960,134.1421589,134.6842644,4963
DJ.W1FIN,D,20171019,000000,134.7368960,134.8421592,134.0211062,134.5421591,5200
DJ.W1FIN,D,20171020,000000,134.5000538,135.0947909,134.3790011,134.9842645,4989
DJ.W1FIN,D,20171022,000000,135.0158435,135.0158435,134.8947908,134.9053171,154
DJ.W1FIN,D,20171023,000000,134.9947908,135.0263698,134.4263696,134.5211064,4673
DJ.W1FIN,D,20171024,000000,134.5053170,134.9105803,134.4368959,134.7737381,5003
DJ.W1FIN,D,20171025,000000,134.8211066,135.1368962,134.1790010,134.5632117,5476
DJ.W1FIN,D,20171026,000000,134.5579486,134.8947908,134.4421590,134.4737380,5529
DJ.W1FIN,D,20171027,000000,134.5263696,134.7000539,133.9526852,134.6947907,5207
DJ.W1FIN,D,20171029,000000,134.7105802,134.7158434,134.6526854,134.6737381,137
DJ.W1FIN,D,20171030,000000,134.6684749,134.7947908,134.3316327,134.5263696,4791
DJ.W1FIN,D,20171031,000000,134.4684748,134.4684748,134.1316326,134.2421590,4953
DJ.W1FIN,D,20171101,000000,134.2842642,135.0632119,134.2211063,134.5158433,5250
DJ.W1FIN,D,20171102,000000,134.5526854,135.1526856,134.4895275,135.0947909,5301
DJ.W1FIN,D,20171103,000000,135.1158435,135.1737383,134.3316327,134.5947907,4257
DJ.W1FIN,D,20171105,000000,134.6105802,134.6105802,134.6053170,134.6053170,8
DJ.W1FIN,D,20171106,000000,134.5895275,134.6632118,134.0895273,134.5842644,4999
DJ.W1FIN,D,20171107,000000,134.5579486,134.8842645,133.9158430,134.0368957,4933
DJ.W1FIN,D,20171108,000000,134.0895273,134.1263694,133.6737377,133.9790010,4786
DJ.W1FIN,D,20171109,000000,133.9947904,134.3158432,133.4632113,133.9737378,5724
DJ.W1FIN,D,20171110,000000,133.9105799,133.9737378,133.6737377,133.6790008,4941
DJ.W1FIN,D,20171113,000000,133.5684745,133.5790008,132.8526847,133.3947902,4359
DJ.W1FIN,D,20171114,000000,133.3474218,133.4316323,132.9316321,133.3947902,4816
DJ.W1FIN,D,20171115,000000,133.3579481,133.3579481,132.3526845,133.0000532,5450
DJ.W1FIN,D,20171116,000000,132.9790006,133.7526851,132.9421584,133.5158429,5243
DJ.W1FIN,D,20171117,000000,133.6105798,133.9211062,133.3263691,133.7263693,5245
DJ.W1FIN,D,20171119,000000,133.7474219,133.7474219,133.7421588,133.7421588,46
DJ.W1FIN,D,20171120,000000,133.5526850,133.6737377,132.3842635,133.5737376,4736
DJ.W1FIN,D,20171121,000000,133.6421587,134.5895275,133.6158429,134.4526854,5200
DJ.W1FIN,D,20171122,000000,134.5263696,135.0895277,134.5105801,134.8263697,5022
DJ.W1FIN,D,20171123,000000,134.7526855,134.8316329,134.5000538,134.6211065,4501
DJ.W1FIN,D,20171124,000000,134.5579486,135.1421593,134.4790012,134.9316329,4456
DJ.W1FIN,D,20171126,000000,134.9368961,134.9368961,134.9316329,134.9316329,30
DJ.W1FIN,D,20171127,000000,134.9211066,135.0790014,134.5421591,134.5421591,4752
DJ.W1FIN,D,20171128,000000,134.5579486,135.6211069,134.3632116,135.5790016,5221
DJ.W1FIN,D,20171129,000000,135.7105806,136.8842653,135.6895280,136.5316336,5933
DJ.W1FIN,D,20171130,000000,136.5053178,137.1421601,136.3790019,136.5632125,5920
DJ.W1FIN,D,20171201,000000,136.6105810,136.8053179,135.4316331,136.4895283,6431
DJ.W1FIN,D,20171203,000000,136.4947914,136.5000546,136.4947914,136.5000546,24
DJ.W1FIN,D,20171204,000000,136.3368966,137.7947920,136.2158440,137.1684759,5718
DJ.W1FIN,D,20171205,000000,137.1263706,137.2790023,136.5474230,136.6211073,5643
DJ.W1FIN,D,20171206,000000,136.5947915,139.9632139,135.3474226,135.7368964,5185
DJ.W1FIN,D,20171207,000000,135.8263701,136.1526860,135.3421594,135.9158438,5284
DJ.W1FIN,D,20171208,000000,135.9316333,136.9211074,135.9158438,136.8947916,5145
DJ.W1FIN,D,20171210,000000,136.9000548,136.9000548,136.8947916,136.9000548,21
DJ.W1FIN,D,20171211,000000,136.9105811,137.4105813,136.9105811,137.0895285,4681
DJ.W1FIN,D,20171212,000000,137.1263706,137.8842657,137.0947917,137.7632130,5196
DJ.W1FIN,D,20171213,000000,137.8526867,138.2737395,137.7895288,137.8053183,5520
DJ.W1FIN,D,20171214,000000,137.7632130,137.9000552,137.1947917,137.2000549,5803
DJ.W1FIN,D,20171215,000000,137.1263706,137.6737393,136.8474232,137.4316339,5422
DJ.W1FIN,D,20171217,000000,137.4421602,137.4421602,137.4421602,137.4421602,1
DJ.W1FIN,D,20171218,000000,137.5158445,139.0526872,137.5000550,138.7316344,5019
DJ.W1FIN,D,20171219,000000,138.7684766,139.1526872,138.4368975,138.4526870,5292
DJ.W1FIN,D,20171220,000000,138.4158448,138.8316345,138.0632131,138.0684763,5330
DJ.W1FIN,D,20171221,000000,138.0684763,138.8790029,137.8579499,138.7368976,5235
DJ.W1FIN,D,20171222,000000,138.7158450,138.8316345,138.3790027,138.6842660,4923
DJ.W1FIN,D,20171224,000000,138.6842660,138.6842660,138.6790028,138.6842660,69
DJ.W1FIN,D,20171225,000000,138.6790028,142.2263727,138.6053186,138.6737397,1476
DJ.W1FIN,D,20171226,000000,138.6790028,138.8368976,138.4579501,138.6211081,3277
DJ.W1FIN,D,20171227,000000,138.6368976,138.9895293,138.5842660,138.9105819,4514
DJ.W1FIN,D,20171228,000000,138.9263714,139.4263716,138.8895292,139.4211084,4674
DJ.W1FIN,D,20171229,000000,139.3947926,139.8790033,139.3263715,139.3368978,5642
DJ.W1FIN,D,20171231,000000,139.3421610,139.3421610,139.3368978,139.3368978,8
DJ.W1FIN,D,20180101,000000,139.3368978,139.3842663,139.3158452,139.3684768,191
DJ.W1FIN,D,20180102,000000,139.3421610,140.1368982,139.3421610,139.8474244,5844
DJ.W1FIN,D,20180103,000000,139.8579507,140.2053192,139.7474243,140.1368982,5877
DJ.W1FIN,D,20180104,000000,140.1737403,141.8579515,140.1632140,141.4053197,5373
DJ.W1FIN,D,20180105,000000,141.4842671,142.0737410,141.4579513,142.0421621,5001
DJ.W1FIN,D,20180107,000000,142.0526884,142.0579516,142.0105831,142.0211094,160
DJ.W1FIN,D,20180108,000000,142.0842674,142.0895305,142.0842674,142.0895305,24
DJ.W1FIN,D,20180109,000000,142.1895306,142.7105834,142.1158463,142.4421622,5168
DJ.W1FIN,D,20180110,000000,142.4263728,143.4632153,142.4263728,143.1579520,5787
DJ.W1FIN,D,20180111,000000,143.1526888,143.7842680,142.9632151,143.7684786,5744
DJ.W1FIN,D,20180112,000000,143.7947944,144.7737421,143.7737417,144.7579526,6067
DJ.W1FIN,D,20180114,000000,144.7737421,144.7790053,144.7737421,144.7737421,31
DJ.W1FIN,D,20180115,000000,144.8579527,145.2895318,144.8579527,145.2053212,5356
DJ.W1FIN,D,20180116,000000,145.1737423,145.9526900,145.0421633,145.3053213,6321
DJ.W1FIN,D,20180117,000000,145.2737423,146.1053216,144.9211106,145.7737425,6650
DJ.W1FIN,D,20180118,000000,145.8053215,146.1263742,145.6579530,145.9053215,6436
DJ.W1FIN,D,20180119,000000,145.9474268,146.6684797,145.9105847,146.6263744,5874
DJ.W1FIN,D,20180121,000000,146.6316376,146.6316376,146.6263744,146.6263744,10
DJ.W1FIN,D,20180122,000000,146.7369008,147.6263748,146.4579533,147.6211117,5736
DJ.W1FIN,D,20180123,000000,147.6895328,148.4737436,147.6790064,148.4474278,6250
DJ.W1FIN,D,20180124,000000,148.5105857,149.5316388,148.4000594,149.2895334,6646
DJ.W1FIN,D,20180125,000000,149.1105860,149.4895335,148.5369015,148.7895332,7078
DJ.W1FIN,D,20180126,000000,148.7421648,149.7842704,148.6895332,149.7790073,6676
DJ.W1FIN,D,20180128,000000,149.8000599,149.8000599,149.8000599,149.8000599,1
DJ.W1FIN,D,20180129,000000,149.8000599,149.9369021,148.8790069,148.8895332,5872
DJ.W1FIN,D,20180130,000000,148.8947964,148.9000596,147.4632169,147.4895327,7034
DJ.W1FIN,D,20180131,000000,147.4579537,148.2526909,147.2211115,147.7684802,7013
DJ.W1FIN,D,20180201,000000,147.9158486,148.4947962,147.7263749,148.4790068,6869
DJ.W1FIN,D,20180202,000000,148.4421646,148.4684804,145.9316373,146.0316374,7010
DJ.W1FIN,D,20180204,000000,146.0369005,146.0421637,146.0316374,146.0316374,10
DJ.W1FIN,D,20180205,000000,145.8316373,145.8316373,141.4632145,141.8053199,7434
DJ.W1FIN,D,20180206,000000,141.5842672,141.5842672,137.5526866,140.3526877,9195
DJ.W1FIN,D,20180207,000000,140.4263720,141.6263724,140.1632140,140.4737404,7929
DJ.W1FIN,D,20180208,000000,140.5632141,140.8632142,137.3895286,137.4368971,7773
DJ.W1FIN,D,20180209,000000,137.3737392,137.8316341,135.2316330,137.3947918,8408
DJ.W1FIN,D,20180211,000000,137.4105813,137.4158444,137.4105813,137.4105813,7
DJ.W1FIN,D,20180212,000000,137.4105813,139.1053188,137.4000550,138.7158450,7045
DJ.W1FIN,D,20180213,000000,138.8526871,139.3053189,138.5053186,139.1684767,6805
DJ.W1FIN,D,20180214,000000,139.1579504,141.3947934,139.0000556,141.3263723,6769
DJ.W1FIN,D,20180215,000000,141.4895303,142.8526887,141.4579513,142.7526887,6868
DJ.W1FIN,D,20180216,000000,142.8368992,143.3105836,142.3579517,142.7632150,6446
DJ.W1FIN,D,20180218,000000,142.7632150,142.7632150,142.7579518,142.7632150,3
DJ.W1FIN,D,20180219,000000,142.8632150,143.2053204,142.8632150,142.9421624,4575
DJ.W1FIN,D,20180220,000000,142.8421624,142.8842677,141.9421620,142.1632148,6764
DJ.W1FIN,D,20180221,000000,142.1526884,143.5211100,142.0632147,142.1684779,6834
DJ.W1FIN,D,20180222,000000,142.0947937,142.5895307,141.5842672,141.7526883,6815
DJ.W1FIN,D,20180223,000000,141.7263725,143.0947941,141.7263725,143.0947941,6164
DJ.W1FIN,D,20180225,000000,143.1105836,143.1105836,143.1105836,143.1105836,1
DJ.W1FIN,D,20180226,000000,143.1684783,144.2211103,143.1526888,144.2211103,5960
DJ.W1FIN,D,20180227,000000,144.2842682,144.4684788,143.0105835,143.0211098,7176
DJ.W1FIN,D,20180228,000000,142.9632151,143.0421625,141.4684776,141.4737408,6832
DJ.W1FIN,D,20180301,000000,141.3579513,141.6632146,139.8790033,140.3842667,7466
DJ.W1FIN,D,20180302,000000,140.3211088,140.3211088,138.4158448,139.6947927,7062
DJ.W1FIN,D,20180304,000000,139.7053190,139.7053190,139.7053190,139.7053190,1
DJ.W1FIN,D,20180305,000000,139.5947927,140.4632141,138.6316344,140.2105824,6358
DJ.W1FIN,D,20180306,000000,140.3737404,141.3895302,140.3737404,141.2579512,6783
DJ.W1FIN,D,20180307,000000,141.1474249,141.3263723,140.2895298,141.0737406,7080
DJ.W1FIN,D,20180308,000000,141.1579512,141.6947935,140.8263721,141.3790039,6514
DJ.W1FIN,D,20180309,000000,141.4316355,143.0053204,141.3579513,143.0000572,6166
DJ.W1FIN,D,20180311,000000,142.9947940,143.0632151,142.9947940,143.0421625,159
DJ.W1FIN,D,20180312,000000,143.1316362,143.9421628,143.1263730,143.6474259,5709
DJ.W1FIN,D,20180313,000000,143.6421627,144.0263734,142.7526887,142.8895308,6111
DJ.W1FIN,D,20180314,000000,142.8263729,143.0632151,141.8632146,141.9842673,6461
DJ.W1FIN,D,20180315,000000,141.9474252,142.3211096,141.6684777,141.8790041,6077
DJ.W1FIN,D,20180316,000000,141.8947936,142.4000570,141.7105830,141.9947936,4885
DJ.W1FIN,D,20180318,000000,142.0158463,142.0421621,142.0000568,142.0105831,151
DJ.W1FIN,D,20180319,000000,141.9737410,141.9737410,140.5790036,141.0684775,5360
DJ.W1FIN,D,20180320,000000,141.0316354,141.5790040,140.9158458,141.2474249,6082
DJ.W1FIN,D,20180321,000000,141.2421618,142.0737410,140.9684774,141.4105829,6252
DJ.W1FIN,D,20180322,000000,141.3684776,141.6632146,138.4895291,138.5474238,7012
DJ.W1FIN,D,20180323,000000,138.5105817,138.5105817,135.8053175,135.8842649,7255
DJ.W1FIN,D,20180325,000000,135.8737386,135.9105807,135.8263701,135.8316333,206
DJ.W1FIN,D,20180326,000000,135.8000543,137.8842657,135.6421595,137.8000551,6319
DJ.W1FIN,D,20180327,000000,137.8632130,138.5790028,136.6790020,137.0842654,6629
DJ.W1FIN,D,20180328,000000,136.9000548,137.0632127,135.7316332,136.5263704,7230
DJ.W1FIN,D,20180329,000000,136.5737388,137.8000551,136.3790019,137.4421602,6598
DJ.W1FIN,D,20180330,000000,137.4947918,137.6053182,137.4684760,137.5474234,5096
DJ.W1FIN,D,20180401,000000,137.5211076,137.5421603,137.5211076,137.5211076,180
DJ.W1FIN,D,20180402,000000,137.5105813,137.5895287,135.4211068,136.1790018,5526
DJ.W1FIN,D,20180403,000000,136.0947913,136.7211073,135.7579490,136.6263704,6557
DJ.W1FIN,D,20180404,000000,136.6211073,136.8632126,134.9211066,136.7737389,6766
DJ.W1FIN,D,20180405,000000,136.8368968,138.1790026,136.8368968,137.8895288,5952
DJ.W1FIN,D,20180406,000000,137.8579499,138.0526868,135.9579491,136.4474230,5774
DJ.W1FIN,D,20180408,000000,136.4474230,136.4474230,136.4105809,136.4211072,155
DJ.W1FIN,D,20180409,000000,136.4105809,137.9947920,136.3842651,136.9053179,5954
DJ.W1FIN,D,20180410,000000,136.8684758,138.6474239,136.8316337,138.3579501,6620
DJ.W1FIN,D,20180411,000000,138.4000554,138.4790028,137.6000550,137.7105814,6280
DJ.W1FIN,D,20180412,000000,137.7158446,138.7947924,137.4421602,138.4632133,6191
DJ.W1FIN,D,20180413,000000,138.5105817,139.2579504,137.6316340,137.9158446,5859
DJ.W1FIN,D,20180415,000000,137.9158446,137.9211078,137.8895288,137.9053183,105
DJ.W1FIN,D,20180416,000000,137.9000552,138.3737396,137.5737392,138.0790026,5631
DJ.W1FIN,D,20180417,000000,138.0632131,138.6895292,137.8632130,138.2632132,5728
DJ.W1FIN,D,20180418,000000,138.2526869,139.0105819,138.2526869,138.5053186,5608
DJ.W1FIN,D,20180419,000000,138.5421607,139.3158452,138.5368975,139.0000556,6106
DJ.W1FIN,D,20180420,000000,139.0316346,139.1053188,138.3316343,138.5842660,5736
DJ.W1FIN,D,20180422,000000,138.5684765,138.5737396,138.5053186,138.5053186,100
DJ.W1FIN,D,20180423,000000,138.5632133,138.7316344,138.1474237,138.3684764,5331
DJ.W1FIN,D,20180424,000000,138.4579501,139.3158452,138.0842658,138.4579501,6510
DJ.W1FIN,D,20180425,000000,138.4000554,138.4158448,137.0316338,137.6263708,6308
DJ.W1FIN,D,20180426,000000,137.6684761,138.1263710,137.3000549,137.8474236,5945
DJ.W1FIN,D,20180427,000000,137.8684762,138.4632133,137.7684762,138.3474238,5892
DJ.W1FIN,D,20180429,000000,138.3632132,138.3684764,138.3000553,138.3105816,146
DJ.W1FIN,D,20180430,000000,138.3158448,139.0158451,138.1000552,138.1263710,5598
DJ.W1FIN,D,20180501,000000,138.1000552,138.1211079,137.3316339,137.9105815,5409
DJ.W1FIN,D,20180502,000000,137.9211078,138.0895289,137.1000548,137.2000549,6760
DJ.W1FIN,D,20180503,000000,137.2105812,137.2947918,135.5053174,136.4579493,7063
DJ.W1FIN,D,20180504,000000,136.4474230,137.2263707,135.3895278,136.9105811,6372
DJ.W1FIN,D,20180506,000000,136.9211074,136.9263706,136.8737390,136.8790021,61
DJ.W1FIN,D,20180507,000000,136.8947916,137.4790024,136.6737389,137.3000549,5456
DJ.W1FIN,D,20180508,000000,137.3053181,137.7105814,137.0842654,137.5316340,6370
DJ.W1FIN,D,20180509,000000,137.5158445,138.5368975,137.2737391,138.3895290,5989
DJ.W1FIN,D,20180510,000000,138.4211080,139.5368979,138.4158448,139.3947926,6336
DJ.W1FIN,D,20180511,000000,139.4053189,140.2000561,139.3895294,139.7263717,5753
DJ.W1FIN,D,20180513,000000,139.7158454,139.7737401,139.7158454,139.7632138,90
DJ.W1FIN,D,20180514,000000,139.7474243,140.1842666,139.5421611,139.5947927,5622
DJ.W1FIN,D,20180515,000000,139.6316348,139.6895296,138.5158449,138.7211081,6606
DJ.W1FIN,D,20180516,000000,138.7158450,138.8000555,138.2211079,138.5737396,6332
DJ.W1FIN,D,20180517,000000,138.5842660,138.6421607,137.7474235,138.0474236,6249
DJ.W1FIN,D,20180518,000000,138.0684763,138.2579500,137.3053181,137.3842655,5722
DJ.W1FIN,D,20180520,000000,137.3895286,137.3895286,137.3474234,137.3632128,112
DJ.W1FIN,D,20180521,000000,137.3316339,138.0316342,137.1105812,138.0000552,5531
DJ.W1FIN,D,20180522,000000,137.9895289,138.8474240,137.8895288,138.5632133,5854
DJ.W1FIN,D,20180523,000000,138.5263712,138.5316344,136.8000547,137.5000550,6733
DJ.W1FIN,D,20180524,000000,137.4316339,137.6579498,136.1842650,136.8474232,6537
DJ.W1FIN,D,20180525,000000,136.8263705,136.9632127,136.0947913,136.3632124,6071
DJ.W1FIN,D,20180527,000000,136.3790019,136.4105809,136.3737388,136.4053177,99
DJ.W1FIN,D,20180528,000000,136.4000546,136.8632126,136.1526860,136.1947913,5062
DJ.W1FIN,D,20180529,000000,136.1579492,136.2053176,133.0579480,133.3842639,7101
DJ.W1FIN,D,20180530,000000,133.3368954,134.4368959,132.7316320,134.3000537,6831
DJ.W1FIN,D,20180531,000000,134.3474222,134.9211066,133.5895271,133.8316325,6785
DJ.W1FIN,D,20180601,000000,133.8263693,135.1316330,133.7105798,134.8158434,6164
DJ.W1FIN,D,20180603,000000,134.8105802,134.8211066,134.8053171,134.8158434,165
DJ.W1FIN,D,20180604,000000,134.8895276,136.0579492,134.8895276,135.9579491,5492
DJ.W1FIN,D,20180605,000000,135.9632123,136.0263702,135.0526856,135.3842647,5821
DJ.W1FIN,D,20180606,000000,135.3737384,136.5737388,135.3368962,136.5632125,5894
DJ.W1FIN,D,20180607,000000,136.6000546,137.2000549,136.3579493,136.7316336,6146
DJ.W1FIN,D,20180608,000000,136.7053178,136.7684758,135.8316333,136.4790020,5962
DJ.W1FIN,D,20180610,000000,136.4684756,136.4790020,136.4474230,136.4737388,138
DJ.W1FIN,D,20180611,000000,136.4526862,137.1526864,136.4158440,136.5211072,5562
DJ.W1FIN,D,20180612,000000,136.5737388,136.8526863,136.1368966,136.3474230,5886
DJ.W1FIN,D,20180613,000000,136.3421598,136.4263704,135.7737385,135.8263701,5900
DJ.W1FIN,D,20180614,000000,135.7947912,135.7947912,134.7211065,134.7368960,6194
DJ.W1FIN,D,20180615,000000,134.7526855,134.8105802,133.6947903,134.2263695,5973
DJ.W1FIN,D,20180617,000000,134.2211063,134.2211063,134.1790010,134.1895274,90
DJ.W1FIN,D,20180618,000000,134.1632116,134.1790010,133.2737375,133.9368957,5227
DJ.W1FIN,D,20180619,000000,133.8947904,133.9316325,132.5053162,133.0790006,6459
DJ.W1FIN,D,20180620,000000,133.0842638,133.9000536,132.9947900,133.4000534,6003
DJ.W1FIN,D,20180621,000000,133.3684744,133.4579481,132.4368951,132.7895268,6465
DJ.W1FIN,D,20180622,000000,132.7316320,133.7211061,132.6579478,133.3158428,5700
DJ.W1FIN,D,20180624,000000,133.3526849,133.3684744,133.3263691,133.3263691,108
DJ.W1FIN,D,20180625,000000,133.3421586,133.3790007,131.3632104,131.7790001,6195
DJ.W1FIN,D,20180626,000000,131.7474211,131.9526844,131.2789999,131.5211052,6103
DJ.W1FIN,D,20180627,000000,131.5000526,131.5105789,130.0316310,130.0895257,6720
DJ.W1FIN,D,20180628,000000,130.0737362,130.5579470,129.5526834,130.3842627,6403
DJ.W1FIN,D,20180629,000000,130.4000522,132.1474213,130.3579469,131.3000525,6095
DJ.W1FIN,D,20180701,000000,131.2842630,131.2947894,131.2526841,131.2684736,162
DJ.W1FIN,D,20180702,000000,131.2421578,131.2895262,130.0947889,130.8368944,5792
DJ.W1FIN,D,20180703,000000,130.8526839,131.3474210,130.3947890,130.8053155,5882
DJ.W1FIN,D,20180704,000000,130.7526839,130.9421576,130.6053154,130.8053155,5148
DJ.W1FIN,D,20180705,000000,130.7842628,131.3579473,130.5263680,131.2737367,6124
DJ.W1FIN,D,20180706,000000,131.3105788,132.0842634,131.1316314,131.9526844,5765
DJ.W1FIN,D,20180708,000000,131.9737370,131.9895265,131.9526844,131.9842633,121
DJ.W1FIN,D,20180709,000000,132.0053160,133.4579481,132.0000528,133.4316323,5177
DJ.W1FIN,D,20180710,000000,133.4895271,133.6632114,133.1158427,133.2105796,5676
DJ.W1FIN,D,20180711,000000,133.1316322,133.1316322,131.8947896,131.9737370,6146
DJ.W1FIN,D,20180712,000000,132.0263686,132.7105794,131.9790002,132.4737372,5722
DJ.W1FIN,D,20180713,000000,132.5158425,132.6368952,131.7737369,132.4263688,5755
DJ.W1FIN,D,20180715,000000,132.4316319,132.4368951,132.4000530,132.4053161,145
DJ.W1FIN,D,20180716,000000,132.4000530,133.0632111,132.2263687,133.0158427,5497
DJ.W1FIN,D,20180717,000000,133.0368953,133.2316322,132.8000531,132.9263690,5881
DJ.W1FIN,D,20180718,000000,132.9737374,133.7842640,132.6895268,133.6842640,5711
DJ.W1FIN,D,20180719,000000,133.7158430,133.8790009,132.6000530,132.9474216,6093
DJ.W1FIN,D,20180720,000000,132.9211058,133.6684745,132.6684741,133.5368955,5974
DJ.W1FIN,D,20180722,000000,133.5368955,133.6263692,133.5316324,133.6158429,175
DJ.W1FIN,D,20180723,000000,133.6105798,134.2316326,133.6105798,134.1842642,5638
DJ.W1FIN,D,20180724,000000,134.2421590,135.4790016,134.2421590,135.0737382,6078
DJ.W1FIN,D,20180725,000000,135.0790014,135.6947911,134.9053171,135.6737385,6000
DJ.W1FIN,D,20180726,000000,135.7158438,135.8895280,135.3842647,135.4474226,5796
DJ.W1FIN,D,20180727,000000,135.4579489,136.0895281,135.4263700,135.6947911,5739
DJ.W1FIN,D,20180729,000000,135.6947911,135.7000543,135.6895280,135.6895280,115
DJ.W1FIN,D,20180730,000000,135.7053174,136.2421598,135.5158437,135.8211070,5376
DJ.W1FIN,D,20180731,000000,135.8421596,136.0684755,135.5474226,135.6474227,6059
DJ.W1FIN,D,20180801,000000,135.6737385,136.0632123,135.2895278,135.6105806,6004
DJ.W1FIN,D,20180802,000000,135.6263700,135.6684753,134.0526852,134.5368959,5983
DJ.W1FIN,D,20180803,000000,134.5421591,135.1211067,134.3474222,135.0895277,5676
DJ.W1FIN,D,20180805,000000,135.1000540,135.1053172,135.0632119,135.0684751,121
DJ.W1FIN,D,20180806,000000,135.0421593,135.2895278,134.7632118,135.0737382,5262
DJ.W1FIN,D,20180807,000000,135.0684751,136.1000544,135.0105803,135.6737385,5476
DJ.W1FIN,D,20180808,000000,135.6895280,136.0158439,135.5263700,135.8368964,5649
DJ.W1FIN,D,20180809,000000,135.8105806,136.0211070,135.4316331,135.4632121,5500
DJ.W1FIN,D,20180810,000000,135.4421594,135.4842647,133.4368955,133.6474219,6426
DJ.W1FIN,D,20180812,000000,133.6211061,133.6263692,133.5474218,133.5526850,157
DJ.W1FIN,D,20180813,000000,133.5053166,133.5105797,132.3105792,132.3737372,5943
DJ.W1FIN,D,20180814,000000,132.3947898,132.9421584,132.3474214,132.8842637,5656
DJ.W1FIN,D,20180815,000000,132.9211058,132.9263690,131.5211052,131.9790002,5928
DJ.W1FIN,D,20180816,000000,131.9158422,133.0790006,131.7895264,132.8474216,6016
DJ.W1FIN,D,20180817,000000,132.8842637,133.4842639,132.7895268,133.4158428,5518
DJ.W1FIN,D,20180819,000000,133.4263692,133.4263692,133.4000534,133.4053165,162
DJ.W1FIN,D,20180820,000000,133.3842639,134.0211062,133.3105796,134.0158431,4971
DJ.W1FIN,D,20180821,000000,133.9684746,134.7526855,133.9263694,134.4000538,5220
DJ.W1FIN,D,20180822,000000,134.3947906,134.6158433,134.2211063,134.3895274,5497
DJ.W1FIN,D,20180823,000000,134.3842643,134.3947906,133.4947902,133.5421587,5431
DJ.W1FIN,D,20180824,000000,133.5842640,134.2053168,133.4158428,134.0737378,5389
DJ.W1FIN,D,20180826,000000,134.0895273,134.1632116,134.0842642,134.1474221,233
DJ.W1FIN,D,20180827,000000,134.1737379,135.6526858,134.1263694,135.4895279,5276
DJ.W1FIN,D,20180828,000000,135.5316332,135.8895280,135.4632121,135.6368964,5455
DJ.W1FIN,D,20180829,000000,135.6474227,136.0053176,135.3474226,135.9158438,5676
DJ.W1FIN,D,20180830,000000,135.9368965,135.9368965,134.6895276,134.7842644,5991
DJ.W1FIN,D,20180831,000000,134.7368960,134.7579486,133.9526852,134.3368958,5849
DJ.W1FIN,D,20180902,000000,134.3368958,134.3421590,134.2526853,134.2737379,192
DJ.W1FIN,D,20180903,000000,134.2474221,134.3316327,134.0368957,134.1158431,5020
DJ.W1FIN,D,20180904,000000,134.1316326,134.1579484,133.2632112,133.9368957,5985
DJ.W1FIN,D,20180905,000000,133.9105799,133.9158430,133.1368954,133.4579481,5996
DJ.W1FIN,D,20180906,000000,133.4421586,133.5526850,132.8000531,133.0947901,5940
DJ.W1FIN,D,20180907,000000,133.0684743,133.1368954,132.2211055,132.4000530,5960
DJ.W1FIN,D,20180909,000000,132.4053161,132.4263688,132.4000530,132.4211056,108
DJ.W1FIN,D,20180910,000000,132.4000530,132.8211058,131.9947896,132.4421582,5655
DJ.W1FIN,D,20180911,000000,132.4316319,132.6211057,131.7316316,132.4053161,5330
DJ.W1FIN,D,20180912,000000,132.3947898,132.4158424,131.8895264,132.0684739,6084
DJ.W1FIN,D,20180913,000000,132.0579476,133.2316322,132.0579476,132.6263688,5864
DJ.W1FIN,D,20180914,000000,132.6632110,133.2053164,132.6632110,133.1053164,5552
DJ.W1FIN,D,20180916,000000,133.1000532,133.1053164,133.0842638,133.0842638,97
DJ.W1FIN,D,20180917,000000,133.0790006,133.3211060,132.8211058,132.9474216,4979
DJ.W1FIN,D,20180918,000000,132.9526848,133.5842640,132.9474216,133.5105797,5637
DJ.W1FIN,D,20180919,000000,133.5790008,134.9263698,133.5790008,134.7368960,5774
DJ.W1FIN,D,20180920,000000,134.8053171,136.2158440,134.8000539,136.0368965,5563
DJ.W1FIN,D,20180921,000000,136.1000544,136.7842652,136.1000544,136.4053177,5822
DJ.W1FIN,D,20180923,000000,136.4105809,136.4105809,136.3737388,136.3895282,86
DJ.W1FIN,D,20180924,000000,136.3947914,136.3947914,135.0790014,135.1158435,5340
DJ.W1FIN,D,20180925,000000,135.1211067,135.5790016,135.0105803,135.0947909,5326
DJ.W1FIN,D,20180926,000000,135.0000540,135.2421594,134.4000538,134.4421590,5828
DJ.W1FIN,D,20180927,000000,134.3947906,134.4895275,133.8842641,133.9211062,5889
DJ.W1FIN,D,20180928,000000,133.9842641,134.1421589,133.0000532,133.0632111,4369
DJ.W1FIN,D,20180930,000000,133.0947901,133.1263690,132.9790006,132.9842637,710
DJ.W1FIN,D,20181001,000000,132.9895269,133.5316324,132.5790004,132.6053162,5030
DJ.W1FIN,D,20181002,000000,132.6105794,132.6263688,131.6842632,131.9895265,5226
DJ.W1FIN,D,20181003,000000,131.9947896,132.5737372,131.8526843,131.8737370,5576
DJ.W1FIN,D,20181004,000000,131.8684738,132.5526846,131.4684736,131.8684738,6180
DJ.W1FIN,D,20181005,000000,131.8632106,132.1158423,131.1526840,131.3474210,5001
DJ.W1FIN,D,20181007,000000,131.3474210,131.3737368,131.1526840,131.1632104,883
DJ.W1FIN,D,20181008,000000,131.1579472,131.3474210,130.6211049,131.1211051,5939
DJ.W1FIN,D,20181009,000000,131.1158419,131.3895262,130.4526838,131.2789999,6269
DJ.W1FIN,D,20181010,000000,131.2842630,131.5211052,128.2211039,128.2526829,7087
DJ.W1FIN,D,20181011,000000,128.2579460,128.2737355,125.6737345,125.9789978,7572
DJ.W1FIN,D,20181012,000000,125.9842609,127.3316299,125.3421554,126.1947873,5999
DJ.W1FIN,D,20181014,000000,126.2105768,126.2158400,125.8053135,125.8368924,1020
DJ.W1FIN,D,20181015,000000,125.8316293,126.3000505,125.5895239,125.6842608,6124
DJ.W1FIN,D,20181016,000000,125.6895240,127.6053142,125.6421555,127.5895247,6145
DJ.W1FIN,D,20181017,000000,127.5947879,128.0895249,126.8053139,127.6579458,6357
DJ.W1FIN,D,20181018,000000,127.6632090,127.8053143,126.1000504,126.2368926,6714
DJ.W1FIN,D,20181019,000000,126.2421558,127.0947877,126.0263662,126.5737348,5381
DJ.W1FIN,D,20181021,000000,126.5737348,126.9000508,126.4737348,126.8789981,1056
DJ.W1FIN,D,20181022,000000,126.8737350,127.2316298,125.0632079,125.1211027,5996
DJ.W1FIN,D,20181023,000000,125.1158395,125.1421553,123.0474176,124.5263656,6703
DJ.W1FIN,D,20181024,000000,124.5211024,124.5263656,122.0211014,122.1368910,6794
DJ.W1FIN,D,20181025,000000,122.1316278,123.7895232,121.8053119,123.1105756,6631
DJ.W1FIN,D,20181026,000000,123.1053124,123.3053125,121.2263643,122.2053120,5928
DJ.W1FIN,D,20181028,000000,122.2053120,122.3316279,122.1263646,122.2368910,1042
DJ.W1FIN,D,20181029,000000,122.2316278,124.0684707,122.0947857,122.8632070,6752
DJ.W1FIN,D,20181030,000000,122.8579439,123.7684706,122.6105754,123.6684705,6984
DJ.W1FIN,D,20181031,000000,123.6737337,125.5737344,123.6211021,125.2526817,6538
DJ.W1FIN,D,20181101,000000,125.2474185,126.3526821,125.1579448,126.3368926,6447
DJ.W1FIN,D,20181102,000000,126.3316295,127.7158406,126.1842610,126.7842612,5573
DJ.W1FIN,D,20181104,000000,126.7789981,126.7895244,126.4211032,126.4211032,1147
DJ.W1FIN,D,20181105,000000,126.4263664,127.4526826,126.3316295,127.3632088,5890
DJ.W1FIN,D,20181106,000000,127.3684720,128.0789986,127.1842614,128.0263670,6306
DJ.W1FIN,D,20181107,000000,128.0316302,129.4368939,127.7579458,129.3789991,6151
DJ.W1FIN,D,20181108,000000,129.3842623,129.7263677,128.9684726,129.0263674,6232
DJ.W1FIN,D,20181109,000000,129.0211042,129.0789990,127.9632091,128.3895250,4993
DJ.W1FIN,D,20181111,000000,128.3737356,128.3789987,128.2368934,128.2842618,1026
DJ.W1FIN,D,20181112,000000,128.2895250,128.2895250,126.1684715,126.4368927,6301
DJ.W1FIN,D,20181113,000000,126.4421558,127.7000511,126.3947874,127.0895245,6654
DJ.W1FIN,D,20181114,000000,127.0842614,127.7158406,125.7737345,126.4316295,6779
DJ.W1FIN,D,20181115,000000,126.4263664,127.0000508,125.3632080,126.9789982,7303
DJ.W1FIN,D,20181116,000000,126.9737350,127.5579458,126.5316296,127.3263667,5665
DJ.W1FIN,D,20181118,000000,127.3421562,127.3474194,127.1158403,127.1368930,1038
DJ.W1FIN,D,20181119,000000,127.1316298,127.5895247,126.5579454,126.8000507,5712
DJ.W1FIN,D,20181120,000000,126.7895244,126.8421560,124.5263656,124.7632078,6648
DJ.W1FIN,D,20181121,000000,124.7684710,126.1895242,124.7421552,125.4421554,6328
DJ.W1FIN,D,20181122,000000,125.4368923,125.5421555,125.1737343,125.3684712,5367
DJ.W1FIN,D,20181123,000000,125.3632080,125.5526818,124.6737341,124.8421552,4669
DJ.W1FIN,D,20181125,000000,124.8579447,125.0316290,124.7737341,125.0263658,1028
DJ.W1FIN,D,20181126,000000,125.0211026,126.6737349,124.9789974,126.5737348,5867
DJ.W1FIN,D,20181127,000000,126.5789980,126.6632086,126.1263662,126.5895243,6028
DJ.W1FIN,D,20181128,000000,126.5947875,128.4421566,126.3526821,128.4316303,6303
DJ.W1FIN,D,20181129,000000,128.4263672,128.5842620,127.5789984,127.8737354,6155
DJ.W1FIN,D,20181130,000000,127.8684722,127.9632091,127.3105772,127.8895248,4778
DJ.W1FIN,D,20181202,000000,127.9105775,128.5842620,127.9105775,128.5526830,909
DJ.W1FIN,D,20181203,000000,128.5474198,129.8000519,128.4947882,129.1158411,5973
DJ.W1FIN,D,20181204,000000,129.1105780,129.2053148,125.7895240,125.8263661,7021
DJ.W1FIN,D,20181205,000000,125.8316293,125.8526819,125.0632079,125.1000500,4974
DJ.W1FIN,D,20181206,000000,125.0947869,125.1316290,122.1895226,124.1842602,7220
DJ.W1FIN,D,20181207,000000,124.1789970,125.0947869,122.8421544,123.0895229,5940
DJ.W1FIN,D,20181209,000000,123.0474176,123.0474176,122.5842596,122.6158385,1044
DJ.W1FIN,D,20181210,000000,122.6211017,122.6526806,120.1474165,121.0368905,6702
DJ.W1FIN,D,20181211,000000,121.0421537,122.2842594,120.4947850,121.1316274,6286
DJ.W1FIN,D,20181212,000000,121.1263642,122.7000491,121.0684695,122.1316278,6835
DJ.W1FIN,D,20181213,000000,122.1263646,122.4579437,121.4632065,121.5211012,6085
DJ.W1FIN,D,20181214,000000,121.5158381,121.5421539,120.4895219,120.6632062,5544
DJ.W1FIN,D,20181216,000000,120.6737325,120.7632062,120.6263640,120.7368904,814
DJ.W1FIN,D,20181217,000000,120.7316272,120.7842588,119.1474161,119.1579424,6046
DJ.W1FIN,D,20181218,000000,119.1526792,120.2105744,118.8000475,119.2105740,6362
DJ.W1FIN,D,20181219,000000,119.2158372,120.4579429,118.1105736,118.1158367,6589
DJ.W1FIN,D,20181220,000000,118.1053104,118.3421526,116.9947836,117.0053100,7299
DJ.W1FIN,D,20181221,000000,117.0000468,117.9210998,115.4526778,115.5895199,6038
DJ.W1FIN,D,20181223,000000,115.6105726,115.6789936,115.5158357,115.6632042,927
DJ.W1FIN,D,20181224,000000,115.6579410,115.6737305,113.9316245,113.9895193,5610
DJ.W1FIN,D,20181225,000000,113.9842561,114.0316246,113.8474140,113.8474140,2724
DJ.W1FIN,D,20181226,000000,113.8526771,116.6263624,113.5737296,116.6053098,6009
DJ.W1FIN,D,20181227,000000,116.6105730,117.0789942,114.8421512,117.0579416,6833
DJ.W1FIN,D,20181228,000000,117.0632047,118.3211000,117.0632047,117.6632050,6130
DJ.W1FIN,D,20181230,000000,117.6526786,117.8210998,117.6526786,117.7632050,1513
DJ.W1FIN,D,20181231,000000,117.7684682,118.4789948,117.6737313,118.4474158,5343
DJ.W1FIN,D,20190101,000000,118.4526790,118.5737316,118.0158367,118.0316262,1447
DJ.W1FIN,D,20190102,000000,118.0263630,118.1684683,116.6474151,117.9789946,6781
