"date","ON"
"02.01.2015","0.11260"
"05.01.2015","0.11640"
"06.01.2015","0.11870"
"07.01.2015","0.11890"
"08.01.2015","0.11910"
"09.01.2015","0.11910"
"12.01.2015","0.11650"
"13.01.2015","0.11670"
"14.01.2015","0.11960"
"15.01.2015","0.12010"
"16.01.2015","0.12010"
"19.01.2015","0.12010"
"20.01.2015","0.12080"
"21.01.2015","0.12140"
"22.01.2015","0.12140"
"23.01.2015","0.11990"
"26.01.2015","0.11990"
"27.01.2015","0.11960"
"28.01.2015","0.11770"
"29.01.2015","0.11940"
"30.01.2015","0.11500"
"02.02.2015","0.11600"
"03.02.2015","0.11750"
"04.02.2015","0.11800"
"05.02.2015","0.11800"
"06.02.2015","0.11750"
"09.02.2015","0.11700"
"10.02.2015","0.11600"
"11.02.2015","0.11800"
"12.02.2015","0.11950"
"13.02.2015","0.11750"
"16.02.2015","0.11750"
"17.02.2015","0.11750"
"18.02.2015","0.11800"
"19.02.2015","0.11850"
"20.02.2015","0.12050"
"23.02.2015","0.11900"
"24.02.2015","0.11900"
"25.02.2015","0.11800"
"26.02.2015","0.11800"
"27.02.2015","0.11600"
"02.03.2015","0.11920"
"03.03.2015","0.12150"
"04.03.2015","0.12150"
"05.03.2015","0.12150"
"06.03.2015","0.12150"
"09.03.2015","0.12150"
"10.03.2015","0.12200"
"11.03.2015","0.12200"
"12.03.2015","0.12250"
"13.03.2015","0.12300"
"16.03.2015","0.12300"
"17.03.2015","0.12250"
"18.03.2015","0.12200"
"19.03.2015","0.12200"
"20.03.2015","0.12200"
"23.03.2015","0.12250"
"24.03.2015","0.12200"
"25.03.2015","0.12150"
"26.03.2015","0.12100"
"27.03.2015","0.12100"
"30.03.2015","0.12000"
"31.03.2015","0.11400"
"01.04.2015","0.12250"
"02.04.2015","0.12150"
"07.04.2015","0.12200"
"08.04.2015","0.12100"
"09.04.2015","0.12100"
"10.04.2015","0.12200"
"13.04.2015","0.12200"
"14.04.2015","0.12200"
"15.04.2015","0.12200"
"16.04.2015","0.12200"
"17.04.2015","0.12200"
"20.04.2015","0.12200"
"21.04.2015","0.12250"
"22.04.2015","0.12200"
"23.04.2015","0.12250"
"24.04.2015","0.12250"
"27.04.2015","0.12250"
"28.04.2015","0.12300"
"29.04.2015","0.12300"
"30.04.2015","0.12000"
"01.05.2015","0.12200"
"05.05.2015","0.12300"
"06.05.2015","0.12300"
"07.05.2015","0.12300"
"08.05.2015","0.12300"
"11.05.2015","0.12300"
"12.05.2015","0.12300"
"13.05.2015","0.12300"
"14.05.2015","0.12300"
"15.05.2015","0.12400"
"18.05.2015","0.12400"
"19.05.2015","0.12400"
"20.05.2015","0.12400"
"21.05.2015","0.12400"
"22.05.2015","0.12400"
"26.05.2015","0.12300"
"27.05.2015","0.12300"
"28.05.2015","0.12300"
"29.05.2015","0.12100"
"01.06.2015","0.12300"
"02.06.2015","0.12350"
"03.06.2015","0.12300"
"04.06.2015","0.12300"
"05.06.2015","0.12300"
"08.06.2015","0.12300"
"09.06.2015","0.12300"
"10.06.2015","0.12300"
"11.06.2015","0.12300"
"12.06.2015","0.12300"
"15.06.2015","0.12350"
"16.06.2015","0.12350"
"17.06.2015","0.12300"
"18.06.2015","0.12350"
"19.06.2015","0.12450"
"22.06.2015","0.12450"
"23.06.2015","0.12400"
"24.06.2015","0.12350"
"25.06.2015","0.12450"
"26.06.2015","0.12400"
"29.06.2015","0.12360"
"30.06.2015","0.11200"
"01.07.2015","0.12300"
"02.07.2015","0.12500"
"03.07.2015","0.12550"
"06.07.2015","0.12550"
"07.07.2015","0.12600"
"08.07.2015","0.12550"
"09.07.2015","0.12550"
"10.07.2015","0.12650"
"13.07.2015","0.12800"
"14.07.2015","0.12800"
"15.07.2015","0.12800"
"16.07.2015","0.12800"
"17.07.2015","0.12800"
"20.07.2015","0.12750"
"21.07.2015","0.12750"
"22.07.2015","0.12850"
"23.07.2015","0.12650"
"24.07.2015","0.12650"
"27.07.2015","0.12600"
"28.07.2015","0.12600"
"29.07.2015","0.12600"
"30.07.2015","0.12650"
"31.07.2015","0.12140"
"03.08.2015","0.12650"
"04.08.2015","0.12650"
"05.08.2015","0.12650"
"06.08.2015","0.12600"
"07.08.2015","0.12600"
"10.08.2015","0.12650"
"11.08.2015","0.12750"
"12.08.2015","0.12800"
"13.08.2015","0.12850"
"14.08.2015","0.13050"
"17.08.2015","0.13250"
"18.08.2015","0.13250"
"19.08.2015","0.13300"
"20.08.2015","0.13300"
"21.08.2015","0.13300"
"24.08.2015","0.13300"
"25.08.2015","0.13250"
"26.08.2015","0.13300"
"27.08.2015","0.13350"
"28.08.2015","0.13350"
"01.09.2015","0.13200"
"02.09.2015","0.13300"
"03.09.2015","0.13550"
"04.09.2015","0.13550"
"07.09.2015","0.13550"
"08.09.2015","0.13550"
"09.09.2015","0.13500"
"10.09.2015","0.13450"
"11.09.2015","0.13550"
"14.09.2015","0.13600"
"15.09.2015","0.13650"
"16.09.2015","0.13650"
"17.09.2015","0.13750"
"18.09.2015","0.13750"
"21.09.2015","0.13550"
"22.09.2015","0.13550"
"23.09.2015","0.13600"
"24.09.2015","0.13600"
"25.09.2015","0.13450"
"28.09.2015","0.13450"
"29.09.2015","0.13350"
"30.09.2015","0.11620"
"01.10.2015","0.13250"
"02.10.2015","0.13250"
"05.10.2015","0.13250"
"06.10.2015","0.13200"
"07.10.2015","0.13150"
"08.10.2015","0.13100"
"09.10.2015","0.13200"
"12.10.2015","0.13200"
"13.10.2015","0.13200"
"14.10.2015","0.13200"
"15.10.2015","0.13250"
"16.10.2015","0.13200"
"19.10.2015","0.13150"
"20.10.2015","0.13200"
"21.10.2015","0.13200"
"22.10.2015","0.13200"
"23.10.2015","0.13150"
"26.10.2015","0.13150"
"27.10.2015","0.13150"
"28.10.2015","0.13200"
"29.10.2015","0.13200"
"30.10.2015","0.12480"
"02.11.2015","0.13100"
"03.11.2015","0.13100"
"04.11.2015","0.13100"
"05.11.2015","0.13100"
"06.11.2015","0.13100"
"09.11.2015","0.13100"
"10.11.2015","0.13100"
"11.11.2015","0.13100"
"12.11.2015","0.13050"
"13.11.2015","0.13100"
"16.11.2015","0.13100"
"17.11.2015","0.13100"
"18.11.2015","0.13100"
"19.11.2015","0.13000"
"20.11.2015","0.13100"
"23.11.2015","0.13050"
"24.11.2015","0.13050"
"25.11.2015","0.13050"
"26.11.2015","0.13050"
"27.11.2015","0.13050"
"30.11.2015","0.12800"
"01.12.2015","0.13050"
"02.12.2015","0.13050"
"03.12.2015","0.13050"
"04.12.2015","0.13050"
"07.12.2015","0.13000"
"08.12.2015","0.12950"
"09.12.2015","0.12950"
"10.12.2015","0.13150"
"11.12.2015","0.13350"
"14.12.2015","0.13500"
"15.12.2015","0.13550"
"16.12.2015","0.15180"
"17.12.2015","0.36140"
"18.12.2015","0.36580"
"21.12.2015","0.36720"
"22.12.2015","0.36740"
"23.12.2015","0.36730"
"24.12.2015","0.36710"
"29.12.2015","0.36600"
"30.12.2015","0.36610"
"31.12.2015","0.27450"
"04.01.2016","0.36580"
"05.01.2016","0.36500"
"06.01.2016","0.36610"
"07.01.2016","0.36510"
"08.01.2016","0.36620"
"11.01.2016","0.36610"
"12.01.2016","0.36610"
"13.01.2016","0.36630"
"14.01.2016","0.36610"
"15.01.2016","0.36610"
"18.01.2016","0.36610"
"19.01.2016","0.36600"
"20.01.2016","0.36550"
"21.01.2016","0.36580"
"22.01.2016","0.36590"
"25.01.2016","0.36600"
"26.01.2016","0.36570"
"27.01.2016","0.36590"
"28.01.2016","0.36840"
"29.01.2016","0.36740"
"01.02.2016","0.36600"
"02.02.2016","0.36900"
"03.02.2016","0.36860"
"04.02.2016","0.37040"
"05.02.2016","0.37000"
"08.02.2016","0.37630"
"09.02.2016","0.37710"
"10.02.2016","0.37310"
"11.02.2016","0.37150"
"12.02.2016","0.37080"
"15.02.2016","0.37080"
"16.02.2016","0.37100"
"17.02.2016","0.37000"
"18.02.2016","0.37140"
"19.02.2016","0.37090"
"22.02.2016","0.37100"
"23.02.2016","0.37100"
"24.02.2016","0.37150"
"25.02.2016","0.37430"
"26.02.2016","0.37450"
"29.02.2016","0.37150"
"01.03.2016","0.36790"
"02.03.2016","0.37150"
"03.03.2016","0.37300"
"04.03.2016","0.37200"
"07.03.2016","0.37200"
"08.03.2016","0.37200"
"09.03.2016","0.37200"
"10.03.2016","0.37250"
"11.03.2016","0.37250"
"14.03.2016","0.37430"
"15.03.2016","0.37530"
"16.03.2016","0.37430"
"17.03.2016","0.37480"
"18.03.2016","0.37430"
"21.03.2016","0.37430"
"22.03.2016","0.37430"
"23.03.2016","0.37530"
"24.03.2016","0.37450"
"29.03.2016","0.37550"
"30.03.2016","0.37720"
"31.03.2016","0.38310"
"01.04.2016","0.37910"
"04.04.2016","0.37940"
"05.04.2016","0.37770"
"06.04.2016","0.37820"
"07.04.2016","0.37820"
"08.04.2016","0.37750"
"11.04.2016","0.37920"
"12.04.2016","0.37920"
"13.04.2016","0.38020"
"14.04.2016","0.37970"
"15.04.2016","0.38070"
"18.04.2016","0.38120"
"19.04.2016","0.38270"
"20.04.2016","0.38220"
"21.04.2016","0.38170"
"22.04.2016","0.38120"
"25.04.2016","0.38120"
"26.04.2016","0.38070"
"27.04.2016","0.38020"
"28.04.2016","0.38270"
"29.04.2016","0.38370"
"03.05.2016","0.38570"
"04.05.2016","0.38580"
"05.05.2016","0.38500"
"09.05.2016","0.38500"
"10.05.2016","0.38450"
"11.05.2016","0.38500"
"12.05.2016","0.38500"
"13.05.2016","0.38550"
"16.05.2016","0.38550"
"17.05.2016","0.38600"
"18.05.2016","0.38500"
"19.05.2016","0.38400"
"20.05.2016","0.38450"
"23.05.2016","0.38500"
"24.05.2016","0.38500"
"25.05.2016","0.38610"
"26.05.2016","0.38610"
"27.05.2016","0.38500"
"31.05.2016","0.38650"
"01.06.2016","0.38550"
"02.06.2016","0.38550"
"03.06.2016","0.38610"
"06.06.2016","0.38610"
"07.06.2016","0.38650"
"08.06.2016","0.38760"
"09.06.2016","0.38560"
"10.06.2016","0.38610"
"13.06.2016","0.38550"
"14.06.2016","0.38550"
"15.06.2016","0.38500"
"16.06.2016","0.38550"
"17.06.2016","0.38650"
"20.06.2016","0.39010"
"21.06.2016","0.39010"
"22.06.2016","0.38960"
"23.06.2016","0.39110"
"24.06.2016","0.39340"
"27.06.2016","0.40010"
"28.06.2016","0.40160"
"29.06.2016","0.40510"
"30.06.2016","0.41160"
"01.07.2016","0.40610"
"04.07.2016","0.40610"
"05.07.2016","0.40960"
"06.07.2016","0.41120"
"07.07.2016","0.41270"
"08.07.2016","0.41220"
"11.07.2016","0.41370"
"12.07.2016","0.41220"
"13.07.2016","0.41270"
"14.07.2016","0.41220"
"15.07.2016","0.41520"
"18.07.2016","0.41590"
"19.07.2016","0.41590"
"20.07.2016","0.41740"
"21.07.2016","0.41790"
"22.07.2016","0.41790"
"25.07.2016","0.41790"
"26.07.2016","0.41790"
"27.07.2016","0.41640"
"28.07.2016","0.41590"
"29.07.2016","0.41290"
"01.08.2016","0.41440"
"02.08.2016","0.41790"
"03.08.2016","0.41740"
"04.08.2016","0.41790"
"05.08.2016","0.41890"
"08.08.2016","0.41890"
"09.08.2016","0.41880"
"10.08.2016","0.41970"
"11.08.2016","0.42020"
"12.08.2016","0.41910"
"15.08.2016","0.41889"
"16.08.2016","0.41778"
"17.08.2016","0.41722"
"18.08.2016","0.41722"
"19.08.2016","0.41556"
"22.08.2016","0.41667"
"23.08.2016","0.41778"
"24.08.2016","0.41833"
"25.08.2016","0.41989"
"26.08.2016","0.41833"
"30.08.2016","0.41944"
"31.08.2016","0.41944"
"01.09.2016","0.41611"
"02.09.2016","0.42044"
"05.09.2016","0.42044"
"06.09.2016","0.42044"
"07.09.2016","0.42156"
"08.09.2016","0.42211"
"09.09.2016","0.42156"
"12.09.2016","0.42100"
"13.09.2016","0.42100"
"14.09.2016","0.42211"
"15.09.2016","0.42156"
"16.09.2016","0.42044"
"19.09.2016","0.42156"
"20.09.2016","0.42211"
"21.09.2016","0.42211"
"22.09.2016","0.42322"
"23.09.2016","0.42322"
"26.09.2016","0.42433"
"27.09.2016","0.42544"
"28.09.2016","0.42063"
"29.09.2016","0.41989"
"30.09.2016","0.42378"
"03.10.2016","0.42267"
"04.10.2016","0.42433"
"05.10.2016","0.42822"
"06.10.2016","0.42878"
"07.10.2016","0.42656"
"10.10.2016","0.42656"
"11.10.2016","0.42767"
"12.10.2016","0.42878"
"13.10.2016","0.43100"
"14.10.2016","0.43044"
"17.10.2016","0.43322"
"18.10.2016","0.43322"
"19.10.2016","0.43378"
"20.10.2016","0.43322"
"21.10.2016","0.43322"
"24.10.2016","0.43211"
"25.10.2016","0.43433"
"26.10.2016","0.43433"
"27.10.2016","0.43489"
"28.10.2016","0.43544"
"31.10.2016","0.43344"
"01.11.2016","0.43456"
"02.11.2016","0.43733"
"03.11.2016","0.43678"
"04.11.2016","0.43511"
"07.11.2016","0.43456"
"08.11.2016","0.43400"
"09.11.2016","0.43233"
"10.11.2016","0.43233"
"11.11.2016","0.43233"
"14.11.2016","0.43344"
"15.11.2016","0.43289"
"16.11.2016","0.43289"
"17.11.2016","0.43456"
"18.11.2016","0.43367"
"21.11.2016","0.43367"
"22.11.2016","0.43367"
"23.11.2016","0.43422"
"24.11.2016","0.43422"
"25.11.2016","0.43478"
"28.11.2016","0.43422"
"29.11.2016","0.43422"
"30.11.2016","0.43056"
"01.12.2016","0.43422"
"02.12.2016","0.43478"
"05.12.2016","0.43478"
"06.12.2016","0.43422"
"07.12.2016","0.43367"
"08.12.2016","0.43311"
"09.12.2016","0.43422"
"12.12.2016","0.43700"
"13.12.2016","0.43700"
"14.12.2016","0.43867"
"15.12.2016","0.67889"
"16.12.2016","0.68389"
"19.12.2016","0.68111"
"20.12.2016","0.68378"
"21.12.2016","0.68600"
"22.12.2016","0.68656"
"23.12.2016","0.69378"
"28.12.2016","0.68656"
"29.12.2016","0.68822"
"30.12.2016","0.69211"
"03.01.2017","0.69544"
"04.01.2017","0.69044"
"05.01.2017","0.69222"
"06.01.2017","0.69100"
"09.01.2017","0.69300"
"10.01.2017","0.69333"
"11.01.2017","0.69278"
"12.01.2017","0.69278"
"13.01.2017","0.69278"
"16.01.2017","0.69278"
"17.01.2017","0.69000"
"18.01.2017","0.68944"
"19.01.2017","0.69000"
"20.01.2017","0.68833"
"23.01.2017","0.68889"
"24.01.2017","0.68833"
"25.01.2017","0.68833"
"26.01.2017","0.68722"
"27.01.2017","0.69000"
"30.01.2017","0.69167"
"31.01.2017","0.69000"
"01.02.2017","0.69111"
"02.02.2017","0.68833"
"03.02.2017","0.69278"
"06.02.2017","0.68833"
"07.02.2017","0.68778"
"08.02.2017","0.68667"
"09.02.2017","0.68667"
"10.02.2017","0.68778"
"13.02.2017","0.68722"
"14.02.2017","0.68722"
"15.02.2017","0.68556"
"16.02.2017","0.68611"
"17.02.2017","0.68611"
"20.02.2017","0.68611"
"21.02.2017","0.68611"
"22.02.2017","0.68333"
"23.02.2017","0.68333"
"24.02.2017","0.68278"
"27.02.2017","0.68333"
"28.02.2017","0.68056"
"01.03.2017","0.68167"
"02.03.2017","0.68278"
"03.03.2017","0.68278"
"06.03.2017","0.68278"
"07.03.2017","0.68278"
"08.03.2017","0.68211"
"09.03.2017","0.68211"
"10.03.2017","0.68189"
"13.03.2017","0.68278"
"14.03.2017","0.68689"
"15.03.2017","0.68667"
"16.03.2017","0.92578"
"17.03.2017","0.92422"
"20.03.2017","0.92644"
"21.03.2017","0.92533"
"22.03.2017","0.92667"
"23.03.2017","0.92611"
"24.03.2017","0.92667"
"27.03.2017","0.92444"
"28.03.2017","0.92500"
"29.03.2017","0.92556"
"30.03.2017","0.92667"
"31.03.2017","0.92167"
"03.04.2017","0.92722"
"04.04.2017","0.93000"
"05.04.2017","0.93111"
"06.04.2017","0.93000"
"07.04.2017","0.93056"
"11.04.2017","0.92722"
"12.04.2017","0.92778"
"13.04.2017","0.92611"
"18.04.2017","0.93000"
"19.04.2017","0.93000"
"20.04.2017","0.92944"
"21.04.2017","0.92944"
"24.04.2017","0.92667"
"25.04.2017","0.92833"
"26.04.2017","0.93028"
"27.04.2017","0.93056"
"28.04.2017","0.92944"
"02.05.2017","0.92667"
"03.05.2017","0.92722"
"04.05.2017","0.92778"
"05.05.2017","0.92778"
"08.05.2017","0.92778"
"09.05.2017","0.92722"
"10.05.2017","0.92833"
"11.05.2017","0.92833"
"12.05.2017","0.92833"
"15.05.2017","0.92889"
"16.05.2017","0.92833"
"17.05.2017","0.92833"
"18.05.2017","0.92778"
"19.05.2017","0.92889"
"22.05.2017","0.92889"
"23.05.2017","0.93056"
"24.05.2017","0.93056"
"25.05.2017","0.93000"
"26.05.2017","0.93000"
"30.05.2017","0.93111"
"31.05.2017","0.92889"
"01.06.2017","0.93111"
"02.06.2017","0.93111"
"05.06.2017","0.93111"
"06.06.2017","0.93056"
"07.06.2017","0.93111"
"08.06.2017","0.93056"
"09.06.2017","0.93111"
"12.06.2017","0.93111"
"13.06.2017","0.93111"
"14.06.2017","0.93111"
"15.06.2017","1.17500"
"16.06.2017","1.17722"
"19.06.2017","1.17667"
"20.06.2017","1.17611"
"21.06.2017","1.17722"
"22.06.2017","1.17722"
"23.06.2017","1.17667"
"26.06.2017","1.17611"
"27.06.2017","1.17611"
"28.06.2017","1.17667"
"29.06.2017","1.17333"
"30.06.2017","1.16167"
"03.07.2017","1.17167"
"04.07.2017","1.17167"
"05.07.2017","1.17389"
"06.07.2017","1.17389"
"07.07.2017","1.17389"
"10.07.2017","1.17444"
"11.07.2017","1.17722"
"12.07.2017","1.17833"
"13.07.2017","1.17833"
"14.07.2017","1.17722"
"17.07.2017","1.17778"
"18.07.2017","1.17722"
"19.07.2017","1.17889"
"20.07.2017","1.17889"
"21.07.2017","1.17889"
"24.07.2017","1.17889"
"25.07.2017","1.18000"
"26.07.2017","1.17778"
"27.07.2017","1.17722"
"28.07.2017","1.17833"
"31.07.2017","1.17611"
"01.08.2017","1.17556"
"02.08.2017","1.17722"
"03.08.2017","1.17722"
"04.08.2017","1.17778"
"07.08.2017","1.17722"
"08.08.2017","1.17778"
"09.08.2017","1.17778"
"10.08.2017","1.17778"
"11.08.2017","1.17778"
"14.08.2017","1.17778"
"15.08.2017","1.17778"
"16.08.2017","1.17889"
"17.08.2017","1.17778"
"18.08.2017","1.17722"
"21.08.2017","1.17778"
"22.08.2017","1.17778"
"23.08.2017","1.17778"
"24.08.2017","1.17778"
"25.08.2017","1.17778"
"29.08.2017","1.17833"
"30.08.2017","1.17778"
"31.08.2017","1.17556"
"01.09.2017","1.17722"
"04.09.2017",""
"05.09.2017","1.17778"
"06.09.2017","1.17611"
"07.09.2017","1.17611"
"08.09.2017","1.17722"
"11.09.2017","1.17778"
"12.09.2017","1.17778"
"13.09.2017","1.17722"
"14.09.2017","1.17889"
"15.09.2017","1.17889"
"18.09.2017","1.17889"
"19.09.2017","1.17889"
"20.09.2017","1.17889"
"21.09.2017","1.17889"
"22.09.2017","1.17889"
"25.09.2017","1.17833"
"26.09.2017","1.17833"
"27.09.2017","1.18000"
"28.09.2017","1.18111"
"29.09.2017","1.18167"
"02.10.2017","1.18000"
"03.10.2017","1.18056"
"04.10.2017","1.18222"
"05.10.2017","1.18222"
"06.10.2017","1.18222"
"09.10.2017",""
"10.10.2017","1.18167"
"11.10.2017","1.18333"
"12.10.2017","1.18444"
"13.10.2017","1.18444"
"16.10.2017","1.18444"
"17.10.2017","1.18444"
"18.10.2017","1.18444"
"19.10.2017","1.18500"
"20.10.2017","1.18444"
"23.10.2017","1.18444"
"24.10.2017","1.18444"
"25.10.2017","1.18444"
"26.10.2017","1.18444"
"27.10.2017","1.18444"
"30.10.2017","1.18500"
"31.10.2017","1.18222"
"01.11.2017","1.18222"
"02.11.2017","1.18389"
"03.11.2017","1.18444"
"06.11.2017","1.18389"
"07.11.2017","1.18389"
"08.11.2017","1.18333"
"09.11.2017","1.18333"
"10.11.2017","1.18333"
"13.11.2017","1.18278"
"14.11.2017","1.18278"
"15.11.2017","1.18278"
"16.11.2017","1.18278"
"17.11.2017","1.18278"
"20.11.2017","1.18278"
"21.11.2017","1.18278"
"22.11.2017","1.18278"
"23.11.2017",""
"24.11.2017","1.18375"
"27.11.2017","1.18375"
"28.11.2017","1.18500"
"29.11.2017","1.18625"
"30.11.2017","1.18000"
"01.12.2017","1.18250"
"04.12.2017","1.18250"
"05.12.2017","1.18250"
"06.12.2017","1.18250"
"07.12.2017","1.18250"
"08.12.2017","1.18250"
"11.12.2017","1.18250"
"12.12.2017","1.18250"
"13.12.2017","1.18250"
"14.12.2017","1.42750"
"15.12.2017","1.43313"
"18.12.2017","1.43313"
"19.12.2017","1.43313"
"20.12.2017","1.43438"
"21.12.2017","1.43438"
"22.12.2017","1.43438"
"27.12.2017","1.43500"
"28.12.2017","1.43750"
"29.12.2017","1.42875"
"02.01.2018","1.43750"
"03.01.2018","1.43875"
"04.01.2018","1.43750"
"05.01.2018","1.43750"
"08.01.2018","1.43750"
"09.01.2018","1.43750"
"10.01.2018","1.43625"
"11.01.2018","1.43750"
"12.01.2018","1.43750"
"15.01.2018",""
"16.01.2018","1.43875"
"17.01.2018","1.43750"
"18.01.2018","1.43750"
"19.01.2018","1.43750"
"22.01.2018","1.43750"
"23.01.2018","1.43750"
"24.01.2018","1.43750"
"25.01.2018","1.43813"
"26.01.2018","1.43813"
"29.01.2018","1.43938"
"30.01.2018","1.43938"
"31.01.2018","1.43938"
"01.02.2018","1.44375"
"02.02.2018","1.44375"
"05.02.2018","1.43938"
"06.02.2018","1.43875"
"07.02.2018","1.43875"
"08.02.2018","1.43875"
"09.02.2018","1.44000"
"12.02.2018","1.44250"
"13.02.2018","1.44375"
"14.02.2018","1.44375"
"15.02.2018","1.44375"
"16.02.2018","1.44500"
"19.02.2018",""
"20.02.2018","1.44500"
"21.02.2018","1.44500"
"22.02.2018","1.44438"
"23.02.2018","1.44813"
"26.02.2018","1.44750"
"27.02.2018","1.44750"
"28.02.2018","1.44250"
"01.03.2018","1.44625"
"02.03.2018","1.44750"
"05.03.2018","1.44750"
"06.03.2018","1.44688"
"07.03.2018","1.44688"
"08.03.2018","1.44688"
"09.03.2018","1.44688"
"12.03.2018","1.44500"
"13.03.2018","1.44500"
"14.03.2018","1.44500"
"15.03.2018","1.44500"
"16.03.2018","1.44625"
"19.03.2018","1.44750"
"20.03.2018","1.44750"
"21.03.2018","1.44875"
"22.03.2018","1.69750"
"23.03.2018","1.69750"
"26.03.2018","1.69750"
"27.03.2018","1.69750"
"28.03.2018","1.69875"
"29.03.2018","1.69688"
"03.04.2018","1.69938"
"04.04.2018","1.70188"
"05.04.2018","1.70313"
"06.04.2018","1.70313"
"09.04.2018","1.70188"
"10.04.2018","1.70188"
"11.04.2018","1.70188"
"12.04.2018","1.70313"
"13.04.2018","1.70188"
"16.04.2018","1.70125"
"17.04.2018","1.70375"
"18.04.2018","1.70500"
"19.04.2018","1.70313"
"20.04.2018","1.70313"
"23.04.2018","1.70313"
"24.04.2018","1.70313"
"25.04.2018","1.70313"
"26.04.2018","1.70313"
"27.04.2018","1.70438"
"30.04.2018","1.70369"
"01.05.2018","1.70438"
"02.05.2018","1.70438"
"03.05.2018","1.70438"
"04.05.2018","1.70563"
"08.05.2018","1.70500"
"09.05.2018","1.70500"
"10.05.2018","1.70500"
"11.05.2018","1.70625"
"14.05.2018","1.70500"
"15.05.2018","1.70500"
"16.05.2018","1.70538"
"17.05.2018","1.70600"
"18.05.2018","1.70725"
"21.05.2018","1.70600"
"22.05.2018","1.70850"
"23.05.2018","1.70788"
"24.05.2018","1.70850"
"25.05.2018","1.70725"
"29.05.2018","1.70850"
"30.05.2018","1.71163"
"31.05.2018","1.71163"
"01.06.2018","1.71200"
"04.06.2018","1.71200"
"05.06.2018","1.71200"
"06.06.2018","1.71350"
"07.06.2018","1.71438"
"08.06.2018","1.71500"
"11.06.2018","1.71463"
"12.06.2018","1.71325"
"13.06.2018","1.71263"
"14.06.2018","1.93563"
"15.06.2018","1.92563"
"18.06.2018","1.92550"
"19.06.2018","1.92888"
"20.06.2018","1.93038"
"21.06.2018","1.92788"
"22.06.2018","1.92800"
"25.06.2018","1.93163"
"26.06.2018","1.93500"
"27.06.2018","1.93375"
"28.06.2018","1.93325"
"29.06.2018","1.93538"
"02.07.2018","1.92975"
"03.07.2018","1.92813"
"04.07.2018",""
"05.07.2018","1.92813"
"06.07.2018","1.92563"
"09.07.2018","1.92588"
"10.07.2018","1.91925"
"11.07.2018","1.91825"
"12.07.2018","1.91763"
"13.07.2018","1.91763"
"16.07.2018","1.91263"
"17.07.2018","1.91825"
"18.07.2018","1.91325"
"19.07.2018","1.91225"
"20.07.2018","1.91350"
"23.07.2018","1.91838"
"24.07.2018","1.91413"
"25.07.2018","1.91488"
"26.07.2018","1.91725"
"27.07.2018","1.91163"
"30.07.2018","1.91600"
"31.07.2018","1.91538"
"01.08.2018","1.91563"
"02.08.2018","1.92025"
"03.08.2018","1.91500"
"06.08.2018","1.92000"
"07.08.2018","1.91338"
"08.08.2018","1.91625"
"09.08.2018","1.91625"
"10.08.2018","1.91250"
"13.08.2018","1.91250"
"14.08.2018","1.91325"
"15.08.2018","1.91375"
"16.08.2018","1.92000"
"17.08.2018","1.91688"
"20.08.2018","1.91750"
"21.08.2018","1.91963"
"22.08.2018","1.91775"
"23.08.2018","1.91813"
"24.08.2018","1.91888"
"28.08.2018","1.91488"
"29.08.2018","1.91538"
"30.08.2018","1.92000"
"31.08.2018","1.91488"
"03.09.2018",""
"04.09.2018","1.91363"
"05.09.2018","1.91875"
"06.09.2018","1.91838"
"07.09.2018","1.91875"
"10.09.2018","1.91913"
"11.09.2018","1.91513"
"12.09.2018","1.91900"
"13.09.2018","1.91988"
"14.09.2018","1.91513"
"17.09.2018","1.91463"
"18.09.2018","1.91888"
"19.09.2018","1.91863"
"20.09.2018","1.91738"
"21.09.2018","1.92088"
"24.09.2018","1.91800"
"25.09.2018","1.91625"
"26.09.2018","1.92525"
"27.09.2018","2.17388"
"28.09.2018","2.17138"
"01.10.2018","2.17075"
"02.10.2018","2.17725"
"03.10.2018","2.16813"
"04.10.2018","2.16525"
"05.10.2018","2.17175"
"08.10.2018",""
"09.10.2018","2.16550"
"10.10.2018","2.17200"
"11.10.2018","2.17225"
"12.10.2018","2.16938"
"15.10.2018","2.17725"
"16.10.2018","2.17638"
"17.10.2018","2.17600"
"18.10.2018","2.17025"
"19.10.2018","2.17113"
"22.10.2018","2.17063"
"23.10.2018","2.17388"
"24.10.2018","2.17513"
"25.10.2018","2.17425"
"26.10.2018","2.17675"
"29.10.2018","2.17888"
"30.10.2018","2.18000"
"31.10.2018","2.17300"
"01.11.2018","2.17538"
"02.11.2018","2.17463"
"05.11.2018","2.17525"
"06.11.2018","2.17663"
"07.11.2018","2.17725"
"08.11.2018","2.17988"
"09.11.2018","2.17500"
"12.11.2018",""
"13.11.2018","2.17788"
"14.11.2018","2.17575"
"15.11.2018","2.17938"
"16.11.2018","2.17538"
"19.11.2018","2.18075"
"20.11.2018","2.17288"
"21.11.2018","2.18050"
"22.11.2018",""
"23.11.2018","2.17700"
"26.11.2018","2.18300"
"27.11.2018","2.17850"
"28.11.2018","2.18250"
"29.11.2018","2.18275"
"30.11.2018","2.17750"
"03.12.2018","2.18188"
"04.12.2018","2.17613"
"05.12.2018","2.17188"
"06.12.2018","2.18238"
"07.12.2018","2.18088"
"10.12.2018","2.18200"
"11.12.2018","2.18213"
"12.12.2018","2.18475"
"13.12.2018","2.18438"
"14.12.2018","2.18475"
"17.12.2018","2.18125"
"18.12.2018","2.18025"
"19.12.2018","2.18175"
"20.12.2018","2.38788"
"21.12.2018","2.39163"
"24.12.2018","2.38988"
"27.12.2018","2.39100"
"28.12.2018","2.39238"
"31.12.2018","2.37825"